Actor,count
Robert De Niro,53
Morgan Freeman,42
Bruce Willis,38
Johnny Depp,37
Matt Damon,36
Steve Buscemi,34
Liam Neeson,33
Nicolas Cage,32
Brad Pitt,32
Denzel Washington,31
J.K. Simmons,30
Bill Murray,30
Will Ferrell,30
Robert Downey Jr.,29
Harrison Ford,29
Tom Cruise,29
Tom Hanks,28
Anthony Hopkins,27
Scarlett Johansson,27
Sylvester Stallone,27
Julia Roberts,26
Christian Bale,26
Meryl Streep,26
James Franco,25
Robin Williams,25
Jim Broadbent,25
Tom Wilkinson,25
Angelina Jolie,25
Matthew McConaughey,24
Hugh Jackman,24
Jason Statham,24
Kirsten Dunst,24
Robert Duvall,23
Adam Sandler,23
Gerard Butler,23
Keanu Reeves,23
Dwayne Johnson,23
Charlize Theron,23
Jeff Bridges,22
Leonardo DiCaprio,22
Kevin Spacey,22
Judy Greer,22
Anne Hathaway,22
Philip Seymour Hoffman,22
Gary Oldman,22
Channing Tatum,21
Kate Winslet,21
Dennis Quaid,21
Al Pacino,20
Will Smith,20
Naomi Watts,20
Rosario Dawson,20
Oliver Platt,19
Steve Carell,19
Paul Walker,19
Bradley Cooper,19
Stephen Root,18
Ryan Reynolds,18
Vin Diesel,18
Natalie Portman,18
Salma Hayek,18
Zooey Deschanel,18
Jon Favreau,17
Brendan Fraser,17
Jake Gyllenhaal,17
Joseph Gordon-Levitt,17
Viggo Mortensen,17
Kristen Stewart,17
Colin Firth,17
Milla Jovovich,17
Jada Pinkett Smith,16
Steve Coogan,16
Jason Flemyng,16
Chloë Grace Moretz,16
Scott Glenn,15
Bruce McGill,15
Clint Eastwood,15
Mila Kunis,15
Djimon Hounsou,15
William Hurt,15
Don Cheadle,14
Delroy Lindo,14
Olivia Wilde,14
Josh Hutcherson,14
Ryan Gosling,14
Catherine O'Hara,14
Bruce Greenwood,14
Clifton Collins Jr.,14
Jennifer Lawrence,14
Lin Shaye,14
Jennifer Garner,14
Chris Hemsworth,14
Christopher Lee,13
Amy Poehler,13
Demi Moore,13
Chazz Palminteri,13
Emma Stone,13
Matthew Broderick,13
Nia Long,13
Michael Rapaport,13
Jay Hernandez,13
Jon Lovitz,13
Anna Kendrick,13
Jet Li,13
Adam Scott,13
Frank Langella,13
Jamie Lee Curtis,13
Rip Torn,12
Bernie Mac,12
Cary-Hiroyuki Tagawa,12
Jennifer Jason Leigh,12
Martin Landau,12
Robin Wright,12
Mark Margolis,12
Bob Hoskins,12
Minnie Driver,12
Daniel Radcliffe,12
Mike Starr,12
Ray Winstone,12
Gary Cole,12
Alfre Woodard,12
Chris Evans,12
Alexa PenaVega,12
Peter Dinklage,12
Thomas Lennon,12
Sam Shepard,12
Mekhi Phifer,11
Vivica A. Fox,11
John Heard,11
David Oyelowo,11
Janeane Garofalo,11
Alan Rickman,11
Natasha Lyonne,11
Kelly Preston,11
Rufus Sewell,11
Michael Fassbender,11
Kristin Scott Thomas,11
Orlando Bloom,11
Mike Epps,11
Jeremy Renner,11
Hal Holbrook,11
Fred Willard,11
Anjelica Huston,11
Nathan Lane,11
Tom Hardy,11
Eddie Marsan,11
Thomas Kretschmann,11
Hayden Christensen,11
Callum Rennie,10
Cedric the Entertainer,10
Hope Davis,10
John Michael Higgins,10
Benedict Cumberbatch,10
Radha Mitchell,10
Holly Hunter,10
Woody Allen,10
Toby Jones,10
Adam Goldberg,10
Dominic Cooper,10
Clea DuVall,10
Sarah Michelle Gellar,10
Joan Allen,10
Aidan Quinn,10
Cole Hauser,10
Christoph Waltz,10
Bill Cobbs,10
Heath Ledger,10
Olivia Williams,10
Dave Chappelle,10
Michael Biehn,10
Justin Timberlake,10
James Frain,10
Paul Sorvino,10
John Ratzenberger,10
Albert Brooks,10
Michael Kelly,10
Desmond Llewelyn,10
Mako,10
Virginia Madsen,10
Logan Lerman,10
LL Cool J,10
Romany Malco,9
Ivana Milicevic,9
Ethan Embry,9
Jake Busey,9
Treat Williams,9
Kevin Pollak,9
Jordi MollÃ ,9
Lili Taylor,9
Frances Fisher,9
Cheech Marin,9
Jon Hamm,9
Philip Baker Hall,9
Common,9
Haley Joel Osment,9
Faizon Love,9
Tony Goldwyn,9
Stockard Channing,9
Brian Dennehy,9
Miranda Richardson,9
Larry Miller,9
Vanessa Williams,9
Tom Skerritt,9
Rupert Everett,9
Marlon Brando,9
Emily Watson,9
Michael Wincott,9
Anne Heche,9
Tony Curran,9
Tim Blake Nelson,9
Loretta Devine,9
Bruce Dern,9
Connie Nielsen,9
Alicia Witt,9
Bokeem Woodbine,8
Beth Grant,8
Eric Stoltz,8
Leslie Bibb,8
Sanaa Lathan,8
Alexander Skarsgård,8
Blythe Danner,8
Omar Epps,8
Ben Mendelsohn,8
Edgar Ramírez,8
Diedrich Bader,8
Tina Fey,8
Ethan Suplee,8
Will Patton,8
Frank Welker,8
Dylan Baker,8
Jeffrey Jones,8
Sissy Spacek,8
Fisher Stevens,8
Colin Salmon,8
Debi Mazar,8
James Coburn,8
Imelda Staunton,8
Lois Maxwell,8
Sarah Polley,8
Rob Riggle,8
Joe Morton,8
Dougray Scott,8
Rene Russo,8
Noah Emmerich,8
Ed Begley Jr.,8
Michael Angarano,8
Charlotte Rampling,8
Donald Pleasence,8
Derek Jacobi,8
Bryce Dallas Howard,8
Billy Burke,8
Hector Elizondo,8
Abbie Cornish,8
F. Murray Abraham,8
Michael McKean,8
Craig T. Nelson,8
Kevin Dunn,8
Vanessa Redgrave,8
Denis O'Hare,8
Robert Pattinson,8
Frances Conroy,8
Bob Gunton,8
Taylor Lautner,8
Udo Kier,8
Harry Connick Jr.,8
Costas Mandylor,8
Jim Belushi,8
Norman Reedus,8
Harold Perrineau,8
Bob Balaban,8
Robert Forster,8
Marc Blucas,8
Carmen Electra,8
Will Forte,8
Mo'Nique,8
Jennifer Ehle,8
Eric Idle,8
Kevin Sussman,7
Chris Klein,7
Deborah Kara Unger,7
Peter Boyle,7
Richard Schiff,7
Scoot McNairy,7
Wayne Knight,7
Reg E. Cathey,7
Jacob Vargas,7
Frank Grillo,7
George Carlin,7
Daniel von Bargen,7
Monica Potter,7
RZA,7
Josh Gad,7
Ewen Bremner,7
Harry Lennix,7
Boris Kodjoe,7
Michael Jeter,7
Kevin McNally,7
Kieran Culkin,7
Beverly D'Angelo,7
Faye Dunaway,7
Ellen Burstyn,7
Cicely Tyson,7
Eddie Redmayne,7
Teri Polo,7
Danny Huston,7
Chris Penn,7
Michael Jai White,7
Bridget Fonda,7
Kathleen Turner,7
Joe Mantegna,7
Billy Crudup,7
Regina Hall,7
Paul Guilfoyle,7
Jim Sturgess,7
Kevin Zegers,7
Shirley Henderson,7
Stephen Rea,7
John Witherspoon,7
Julie Walters,7
Mary Lynn Rajskub,7
David Carradine,7
Ty Burrell,7
Shannon Elizabeth,7
Lena Olin,7
Jordana Brewster,7
Judge Reinhold,7
Tom Berenger,7
Leonard Nimoy,7
Stephen Graham,7
Eddie Griffin,7
Kelly Macdonald,7
Charles S. Dutton,7
Dorian Missick,7
Jon Heder,7
Alison Lohman,7
Sophie Okonedo,7
Julian Richings,7
Colm Feore,7
Mark Addy,7
Bill Duke,7
Amber Valletta,7
Julian Sands,7
Bruce Spence,6
Tony Cox,6
James Ransone,6
Martin Short,6
Nichelle Nichols,6
Zoë Kravitz,6
Alex Rocco,6
Ronny Cox,6
Fred Ward,6
Carol Kane,6
Debra Messing,6
Jeffrey DeMunn,6
Madeline Carroll,6
Vincent Pastore,6
Liam Aiken,6
Goran Visnjic,6
Lea Thompson,6
Blair Underwood,6
Julia Ormond,6
Hayley Atwell,6
Sarah Silverman,6
Clint Howard,6
Wes Studi,6
Danny Woodburn,6
Shawn Hatosy,6
Jose Pablo Cantillo,6
Chris Mulkey,6
Martin Kove,6
Andrew Garfield,6
Barry Corbin,6
Eddie Cibrian,6
Miko Hughes,6
Rainn Wilson,6
Miriam Margolyes,6
Albert Finney,6
Ellen Barkin,6
Kenan Thompson,6
Sally Hawkins,6
Kurt Fuller,6
Ned Beatty,6
Jimmy Bennett,6
Peter Coyote,6
Richard Roxburgh,6
Victor Wong,6
CCH Pounder,6
Glenn Morshower,6
Kevin Nealon,6
Jane Krakowski,6
Macaulay Culkin,6
Charlie Hunnam,6
Randy Quaid,6
Celia Weston,6
Sela Ward,6
Daniel Roebuck,6
Roddy McDowall,6
Nate Parker,6
Thomas F. Wilson,6
Tyler Labine,6
Steve Guttenberg,6
Dash Mihok,6
Snoop Dogg,6
John Gielgud,6
Molly Shannon,6
Maura Tierney,6
Adam Baldwin,6
Tracy Morgan,6
Andre Braugher,6
James Nesbitt,6
Madeline Kahn,6
Frankie Muniz,6
Tom Arnold,6
Mike Vogel,6
Donald Faison,6
Chris Bauer,6
Hunter Parrish,6
Melanie Griffith,6
Curtis Armstrong,6
Jaime King,6
Rory Culkin,6
Xander Berkeley,6
Alice Braga,6
Brian Blessed,6
Kelsey Grammer,6
Teri Garr,6
Jon Gries,6
Ted Danson,6
Henry Cavill,6
Christopher Lambert,6
Alyson Hannigan,6
Kurtwood Smith,6
Vinessa Shaw,6
Noah Taylor,6
America Ferrera,6
Alan Ruck,6
Alex Pettyfer,6
M. Emmet Walsh,6
Robert Wagner,6
Ioan Gruffudd,6
William Hootkins,6
Linda Cardellini,5
Embeth Davidtz,5
Eva Green,5
Mary Elizabeth Mastrantonio,5
Yaphet Kotto,5
Kevin Corrigan,5
Matthew Perry,5
Austin Pendleton,5
Tate Donovan,5
Mark Webber,5
Brian Doyle-Murray,5
Celia Imrie,5
John Savage,5
Nia Vardalos,5
John Doman,5
Stacy Keach,5
Verne Troyer,5
Rob Paulsen,5
Stephen McHattie,5
Wanda Sykes,5
Elaine Hendrix,5
Jeff Garlin,5
Scott Porter,5
Muse Watson,5
Peter Gallagher,5
Noel Gugliemi,5
Michael Gough,5
Noel Fisher,5
Armando Riesco,5
Dean Stockwell,5
Louis Lombardi,5
Sid Caesar,5
Michael Rispoli,5
Alexandra Maria Lara,5
Beau Bridges,5
Ruby Dee,5
Margot Kidder,5
Paula Garcés,5
Alex Borstein,5
Brenda Blethyn,5
Kathleen Quinlan,5
Warren Beatty,5
Zachary Gordon,5
David Keith,5
Gretchen Mol,5
Geraldine Chaplin,5
George Kennedy,5
Sydney Pollack,5
Seymour Cassel,5
Rupert Grint,5
Saffron Burrows,5
Ashley Scott,5
Brittany Daniel,5
Wilford Brimley,5
Leighton Meester,5
Lochlyn Munro,5
Jack Davenport,5
Jason Mewes,5
Raymond Cruz,5
Ramon Rodriguez,5
Dom DeLuise,5
Catherine McCormack,5
Dianne Wiest,5
Daniel Stern,5
Mary Kay Place,5
Jeremy Northam,5
Willie Garson,5
Cameron Bright,5
Elizabeth Perkins,5
M.C. Gainey,5
Jane Fonda,5
Daniel Mays,5
Rami Malek,5
Mary McCormack,5
Kristin Davis,5
Li Gong,5
Gaby Hoffmann,5
Sarah Gadon,5
Anne Bancroft,5
Joe Lo Truglio,5
Spencer Wilding,5
Gregg Henry,5
Bailee Madison,5
Lisa Ann Walter,5
James Brolin,5
Joseph Gilgun,5
Roger Rees,5
Bradley Whitford,5
James Mason,5
Eddie Izzard,5
Lukas Haas,5
Nonso Anozie,5
Brian Geraghty,5
Ken Marino,5
Samantha Morton,5
Dan Fogler,5
Robert Shaw,5
Nadine Velazquez,5
Justin Theroux,5
Michael O'Neill,5
Devin Ratray,5
Miranda Otto,5
Jeanne Tripplehorn,5
Dane Cook,5
Rafe Spall,5
David Costabile,5
Josh Charles,5
50 Cent,5
Kelli Garner,5
Brad Garrett,5
Timothy Hutton,5
Rachael Harris,5
James Corden,5
Fionnula Flanagan,5
Isabelle Huppert,5
Natasha Henstridge,5
Armin Mueller-Stahl,5
Laura Harring,5
Richard E. Grant,5
Joe Don Baker,5
Chi McBride,5
Joey Lauren Adams,5
Robert Davi,5
Tia Carrere,5
Oprah Winfrey,5
Judy Davis,5
Garry Shandling,5
Patrick Fugit,5
Seth MacFarlane,5
Alison Brie,5
Denis Leary,5
Laurence Olivier,5
Clarence Williams III,5
Rory Kinnear,5
Sid Haig,5
Mia Kirshner,5
Christina Milian,5
Rachel Blanchard,5
Archie Panjabi,5
Bai Ling,5
J.T. Walsh,5
Estella Warren,5
Tim Meadows,5
Matt Walsh,5
Shawnee Smith,5
Don Johnson,5
Rebecca De Mornay,5
Jean Simmons,5
Elizabeth Daily,5
Chris Noth,5
Julie Benz,5
Rupert Graves,5
Jesse McCartney,5
Peter Mensah,4
Tony Nappo,4
Megan Mullally,4
Mireille Enos,4
Elizabeth McGovern,4
Maximilian Schell,4
Spencer Tracy,4
Joely Richardson,4
Esai Morales,4
Gregory Smith,4
Bella Thorne,4
Lucas Grabeel,4
Hill Harper,4
Sophia Myles,4
Kate Burton,4
Daryl Sabara,4
Eileen Brennan,4
Collette Wolfe,4
Ari Graynor,4
Amy Sedaris,4
Topher Grace,4
Jürgen Prochnow,4
Bobb'e J. Thompson,4
Zack Ward,4
David Patrick Kelly,4
Bernard Hill,4
Vincent Schiavelli,4
Sam Claflin,4
Brian Van Holt,4
Tim Guinee,4
Shawn Roberts,4
LeVar Burton,4
Jason Patric,4
Roy Scheider,4
Bingbing Li,4
Gary Farmer,4
Montgomery Clift,4
Kane Hodder,4
Chris Elliott,4
Sean Harris,4
Thomas Mitchell,4
John Amos,4
Busy Philipps,4
Benedict Wong,4
Larenz Tate,4
Laz Alonso,4
Jason Scott Lee,4
Nick Cannon,4
Marley Shelton,4
Theo James,4
Rae Dawn Chong,4
Mackenzie Foy,4
Julian Glover,4
Lily Tomlin,4
Aasif Mandvi,4
Lew Temple,4
Bruce Davison,4
Damon Wayans Jr.,4
Jason Alexander,4
Demián Bichir,4
Jack O'Connell,4
Cree Summer,4
Harvey Fierstein,4
S. Epatha Merkerson,4
Marshall Bell,4
Katy Mixon,4
Fred Gwynne,4
Ted Raimi,4
Jurnee Smollett-Bell,4
Peter Greene,4
Mia Farrow,4
Alden Ehrenreich,4
Richard Tyson,4
Meat Loaf,4
Laura Ramsey,4
Kevin Grevioux,4
Tamala Jones,4
Dexter Fletcher,4
Tom McCarthy,4
Jim Gaffigan,4
Cécile De France,4
Kenny Baker,4
Matt Bomer,4
Tom Selleck,4
Robert Ri'chard,4
Aidan Turner,4
John Fiedler,4
Lee Marvin,4
Ingrid Bolsø Berdal,4
Ming-Na Wen,4
Abigail Spencer,4
Maury Chaykin,4
Khandi Alexander,4
Kirby Heyborne,4
Jeff Kober,4
Mary McDonnell,4
George C. Scott,4
Jack McBrayer,4
Geoff Stults,4
Jennifer Esposito,4
Tasha Smith,4
Richard Burton,4
Derek Luke,4
Debbie Reynolds,4
Eartha Kitt,4
Andrea Martin,4
Nicholas Braun,4
Alun Armstrong,4
Fiona Shaw,4
Shelley Duvall,4
Isabella Rossellini,4
Kim Dickens,4
Mark Duplass,4
Alyson Stoner,4
Terry Pheto,4
Crystal Lowe,4
Agnes Bruckner,4
Sean Hayes,4
Michael Imperioli,4
Joel McHale,4
Cathy Moriarty,4
Shea Whigham,4
Michael Moore,4
Jake Weber,4
Sharlto Copley,4
Michiel Huisman,4
David Kelly,4
Jonathan Frakes,4
Michael Stuhlbarg,4
Omar Benson Miller,4
Joel David Moore,4
William Smith,4
David Paymer,4
Paul Schneider,4
Jason Cope,4
Christopher Meloni,4
Samantha Mathis,4
Tony Chiu Wai Leung,4
Lou Taylor Pucci,4
Jerry Stiller,4
Quentin Tarantino,4
Bonnie Hunt,4
Tchéky Karyo,4
Anthony LaPaglia,4
Alexa Davalos,4
Corbin Bleu,4
Charles Napier,4
Quinton Aaron,4
Leon,4
Trevor Morgan,4
Sean Patrick Thomas,4
Dania Ramirez,4
James D'Arcy,4
Martin Donovan,4
Dana Ivey,4
Stephen Dillane,4
Peter Fonda,4
Karen Allen,4
Cas Anvar,4
Penelope Wilton,4
Mackenzie Crook,4
Anne Archer,4
Karl Malden,4
Robert Picardo,4
Valeria Golino,4
Lynn Redgrave,4
Ariana Richards,4
Dwight Yoakam,4
Janet Leigh,4
Holland Taylor,4
Elden Henson,4
Jimmy Fallon,4
Rick Gonzalez,4
Haley Bennett,4
Sarah Roemer,4
Olivia Munn,4
Adrian Martinez,4
Dylan Minnette,4
Taran Killam,4
Yaya DaCosta,4
Aaron Yoo,4
D.B. Sweeney,4
Max Ryan,4
Sandra Ellis Lafferty,4
Jonathan Winters,4
Jason Robards,4
Zach Gilford,4
Randall Park,4
Matt Craven,4
Lupe Ontiveros,4
Nicholas Turturro,4
Barbara Hershey,4
Billy Boyd,4
Siobhan Fallon Hogan,4
Tom Everett Scott,4
Harvey Korman,4
Rod Steiger,4
Dany Boon,4
Luke Grimes,4
Cara Delevingne,4
Judd Hirsch,4
Sean Pertwee,4
Felicity Huffman,4
Dagmara Dominczyk,4
Jack Warden,4
Henry Thomas,4
Burt Young,4
Jenifer Lewis,4
Ike Barinholtz,4
Ryan O'Neal,4
Richard Coyle,4
Emma Watson,4
Bridgette Wilson-Sampras,4
Harland Williams,4
Kris Marshall,4
Dee Wallace,4
Sam Waterston,4
Jason Ritter,4
Nancy O'Dell,4
Sam Trammell,4
Illeana Douglas,4
Mitch Pileggi,3
Terry Kinney,3
Mike Tyson,3
Craig Roberts,3
Irene Bedard,3
Chelcie Ross,3
Campbell Scott,3
Royal Dano,3
Michael Cudlitz,3
Lindsay Sloane,3
Peter Capaldi,3
David Hyde Pierce,3
Chris Pontius,3
AJ Michalka,3
Adam Brown,3
Maurice LaMarche,3
Derek Mears,3
Temuera Morrison,3
Paris Hilton,3
Kevin Dillon,3
Richard T. Jones,3
Mia Wasikowska,3
Ray Walston,3
Emmanuelle Vaugier,3
Gedde Watanabe,3
Kodi Smit-McPhee,3
Simon Callow,3
Tzi Ma,3
Lillete Dubey,3
Mindy Kaling,3
Ben Gazzara,3
Danny Dyer,3
Tim McInnerny,3
Andy Richter,3
Carrie Preston,3
Lauren German,3
Mara Wilson,3
Reggie Lee,3
Joan Chen,3
Wood Harris,3
Ken Howard,3
Bojana Novakovic,3
Raven-Symoné,3
Jacinda Barrett,3
Thomas Ian Nicholas,3
Ayelet Zurer,3
Claude Rains,3
Rupert Evans,3
Curtiss Cook,3
Drew Waters,3
Brendan Sexton III,3
Troy Evans,3
Bill Nunn,3
Clu Gulager,3
Essence Atkins,3
Jeremy Irvine,3
Natascha McElhone,3
Marc John Jefferies,3
John de Lancie,3
Brian Thompson,3
Omari Hardwick,3
Dylan Moran,3
Dan Byrd,3
Brad Renfro,3
Alexander Gould,3
B.J. Novak,3
Madison Pettis,3
David Hewlett,3
Adam Garcia,3
Eric Dane,3
Dan Hedaya,3
Wendell Pierce,3
Spencer Breslin,3
Ron Eldard,3
Enrico Colantoni,3
John Belushi,3
Lesley Manville,3
Nimrat Kaur,3
Alanna Ubach,3
Spencer Treat Clark,3
Lynn Whitfield,3
Michael Nyqvist,3
Ben Feldman,3
Andrew Fiscella,3
John Carradine,3
Martin Henderson,3
Brady Corbet,3
Moises Arias,3
Jed Brophy,3
Kylie Minogue,3
Jenette Goldstein,3
Steve Bastoni,3
Paddy Considine,3
Erika Christensen,3
Roma Maffia,3
Merritt Wever,3
Julie Kavner,3
Jane Adams,3
José Ferrer,3
Steve Bisley,3
Rory Cochrane,3
Pruitt Taylor Vince,3
Zoë Bell,3
David Arquette,3
Shailene Woodley,3
Courtney B. Vance,3
Patton Oswalt,3
Candice Bergen,3
Mary-Kate Olsen,3
J.B. Smoove,3
Kirstie Alley,3
Tom Hollander,3
Isabelle Adjani,3
Simon McBurney,3
Mika Boorem,3
Traci Lords,3
Kari Matchett,3
Sandahl Bergman,3
Isaiah Washington,3
Tika Sumpter,3
Adam Arkin,3
Odeya Rush,3
Portia Doubleday,3
Kevin Chamberlin,3
Jennifer Hudson,3
Leland Orser,3
Alexis Dziena,3
Chad Lindberg,3
Indira Varma,3
Sam Riley,3
Jessica Szohr,3
Elizabeth Berkley,3
Alessandro Nivola,3
Matt Lucas,3
Melissa Benoist,3
Nick Chinlund,3
Holt McCallany,3
Elizabeth Debicki,3
Dylan Walsh,3
Art Malik,3
Tim McGraw,3
Vanessa Lengies,3
Patrick Fischler,3
Freddy Rodríguez,3
Dan Futterman,3
Ezra Miller,3
Kyra Sedgwick,3
Taylor Negron,3
Richard Burgi,3
James Badge Dale,3
Ryan Guzman,3
Linda Kozlowski,3
Alice Greczyn,3
Gillian Jacobs,3
Vincent Gallo,3
Mark Rylance,3
Alan Oppenheimer,3
Brían F. O'Byrne,3
Sandrine Holt,3
Brooke Smith,3
Tatyana Ali,3
Jack Palance,3
Alice Krige,3
Julian Morris,3
Paul Hogan,3
W. Earl Brown,3
Mark Gatiss,3
Danneel Ackles,3
Moritz Bleibtreu,3
Rosanna Arquette,3
Elaine Stritch,3
Eva Amurri Martino,3
Gena Rowlands,3
Jay Mohr,3
Tye Sheridan,3
T.J. Thyne,3
Lena Dunham,3
Angie Dickinson,3
Ian McDiarmid,3
William Bassett,3
Stuart Wilson,3
Christian Berkel,3
Patrick Kilpatrick,3
Donald Glover,3
Clive Russell,3
Mark Valley,3
Steven Mackintosh,3
Lane Smith,3
Andy Lau,3
Megan Park,3
Lauren Holly,3
Ossie Davis,3
Paulo Costanzo,3
Vincent Regan,3
Denholm Elliott,3
Jimi Mistry,3
Trey Parker,3
Michael Palin,3
Om Puri,3
Drake Bell,3
Steve Howey,3
Carlos Ponce,3
Lois Smith,3
Roger Allam,3
Rhys Wakefield,3
Rosemarie DeWitt,3
Angus T. Jones,3
Lily James,3
Ann-Margret,3
Omar Sy,3
Peter Gerety,3
Linda Fiorentino,3
Aaron Stanford,3
Michael Lerner,3
Joseph Cotten,3
Leonard Roberts,3
Caleb Landry Jones,3
Joey Slotnick,3
Heather Locklear,3
Chris Brown,3
Martin Starr,3
Kimberly Elise,3
Mario Van Peebles,3
Murray Hamilton,3
Eamonn Walker,3
Tony Jay,3
Bernadette Peters,3
Christopher Evan Welch,3
Anthony Zerbe,3
Jack Thompson,3
Bashar Rahal,3
Tim Daly,3
Gerald McRaney,3
Keisha Castle-Hughes,3
Helen McCrory,3
Lionel Barrymore,3
Tim Matheson,3
Rick Yune,3
Douglas Smith,3
Gabourey Sidibe,3
Amanda Detmer,3
Brad William Henke,3
Harry Carey Jr.,3
Anika Noni Rose,3
Lily Cole,3
Heather Matarazzo,3
Geoffrey Arend,3
Alicja Bachleda,3
Stephen Collins,3
Brooke Shields,3
Maggie Cheung,3
Brandon T. Jackson,3
Franco Nero,3
Luke Bracey,3
Ulrich Thomsen,3
William Holden,3
Alia Shawkat,3
David Zayas,3
James Wolk,3
Robert John Burke,3
Jon Seda,3
Jeremy Davies,3
Miranda Cosgrove,3
Craig Ferguson,3
Larry David,3
Scott Elrod,3
Shelley Winters,3
Michael Winslow,3
Ron Rifkin,3
Frank Vincent,3
Robert Clohessy,3
Tisha Campbell-Martin,3
Greg Germann,3
Michael Greyeyes,3
Walter Koenig,3
Peter Ustinov,3
Oliver Reed,3
Amr Waked,3
John Aylward,3
Swoosie Kurtz,3
Powers Boothe,3
Kevin Connolly,3
Riley Smith,3
Luke Newberry,3
Wendi McLendon-Covey,3
Romola Garai,3
Randy Wayne,3
Phoebe Cates,3
Kyle Schmid,3
Roscoe Lee Browne,3
Ernie Reyes Jr.,3
Talisa Soto,3
Alex Russell,3
Mira Sorvino,3
Barry Bostwick,3
Zoe Kazan,3
Paz Vega,3
Carl Weathers,3
Eduardo Verástegui,3
Melonie Diaz,3
Edi Gathegi,3
Jamie Kennedy,3
Ashley Williams,3
Russell Tovey,3
Vernon Wells,3
Leigh Whannell,3
Gary Lewis,3
Seth Gilliam,3
Miguel Ferrer,3
Rosie Perez,3
Giancarlo Giannini,3
Billie Whitelaw,3
Ben Falcone,3
Ian Somerhalder,3
Lisa Edelstein,3
Toby Stephens,3
Ned Bellamy,3
Erick Avari,3
Lauren Ambrose,3
Thomas McDonell,3
Quvenzhané Wallis,3
Woody Strode,3
Aunjanue Ellis,3
Nora Dunn,3
François Cluzet,3
Frank Finlay,3
Scott Mechlowicz,3
Conchata Ferrell,3
Marian Seldes,3
Adrienne Barbeau,3
Corbin Bernsen,3
Catalina Sandino Moreno,3
Nora Zehetner,3
Gary Dourdan,3
Ben Chaplin,3
Jay Chandrasekhar,3
Patrick Macnee,2
Max Minghella,2
Judith Barsi,2
Kristy Swanson,2
Steve Harvey,2
Jay R. Ferguson,2
William Petersen,2
Jim Rash,2
Ralph Ineson,2
Josh Pais,2
George Lopez,2
Johnny Whitworth,2
Will Oldham,2
Matthew Lawrence,2
Brian Keith,2
Jack Hawkins,2
David Clennon,2
Georgia Groome,2
Leo McKern,2
James Duval,2
Phil Vischer,2
Samaire Armstrong,2
Usher Raymond,2
Dana Delany,2
Robert Pralgo,2
Jean-Hugues Anglade,2
Trent Ford,2
Shaun Parkes,2
Olesya Rulin,2
Helen Martin,2
Hakeem Kae-Kazim,2
Mitchell Ryan,2
Eddie Kaye Thomas,2
Lori Singer,2
Diahann Carroll,2
Louise Fletcher,2
Billy Drago,2
Bam Margera,2
Cliff Robertson,2
Marla Sokoloff,2
Sergi López,2
Paul Winfield,2
James Biberi,2
Charlotte Sullivan,2
Rolando Molina,2
Dave Allen,2
Malese Jow,2
Tammy Blanchard,2
A.J. Buckley,2
Bill Clinton,2
James Russo,2
Scott Grimes,2
John Forsythe,2
Anne-Marie Duff,2
Ryan Donowho,2
Gabriel Bateman,2
Anna Friel,2
Mark Williams,2
Keri Lynn Pratt,2
Bryan Callen,2
Robert Peters,2
Jayne Eastwood,2
Melinda Dillon,2
Evan Parke,2
Kayvan Novak,2
James Karen,2
Anthony Edwards,2
Phil Davis,2
Min-sik Choi,2
Tadanobu Asano,2
Stephanie Szostak,2
Paul Dooley,2
Zach Woods,2
Phyllis Smith,2
Steve Whitmire,2
David Thornton,2
Jesse L. Martin,2
Kimberly Williams-Paisley,2
Joaquim de Almeida,2
David Ogden Stiers,2
Lisa Bonet,2
Vincent Perez,2
Jonah Bobo,2
T.I.,2
Scatman Crothers,2
Antoni Corone,2
Lee Majors,2
Zakes Mokae,2
Xzibit,2
Andrew Wilson,2
Alona Tal,2
María Valverde,2
Joanne Whalley,2
Melissa McMeekin,2
Michael Bowen,2
Angus Macfadyen,2
Mykelti Williamson,2
Barry Shabaka Henley,2
Marcel Iures,2
Roberts Blossom,2
William Lucking,2
Janet Jackson,2
Bill Bailey,2
Mini Anden,2
Augustus Prew,2
Casper Crump,2
Brett Cullen,2
Tom Welling,2
Christopher Masterson,2
Alex Jennings,2
Anders Holm,2
Brenda Strong,2
Juan Riedinger,2
Jonathan Jackson,2
Jon Stewart,2
Keegan-Michael Key,2
Dax Flame,2
Cameron Monaghan,2
Nat Wolff,2
Sprague Grayden,2
Johanna Braddy,2
Micah Sloat,2
Tyler James Williams,2
Mem Ferda,2
Kristen Connolly,2
Jackie Cooper,2
Jeremy Howard,2
Russell Peters,2
Huey Lewis,2
Joe Cole,2
Katie Lowes,2
Heather O'Rourke,2
Scout Taylor-Compton,2
John Vernon,2
Kath Soucie,2
Matt Smith,2
Andrew Bryniarski,2
Maurice Compte,2
Geoff Bell,2
Michael Kitchen,2
Ian Ziering,2
Jennifer Saunders,2
William Devane,2
Karan Brar,2
Obba Babatundé,2
Kiersey Clemons,2
Rob Moran,2
Method Man,2
Haley Ramm,2
Oliver James,2
Woo-sung Jung,2
Bill Maher,2
Ian Whyte,2
Joan Plowright,2
James Gammon,2
Amy Madigan,2
Ato Essandoh,2
Anita Briem,2
Tom Hulce,2
Tania Saulnier,2
Jacqueline Bisset,2
Jamie Foreman,2
Kwok-Kwan Chan,2
April Winchell,2
Romeo Miller,2
Jean Smart,2
Yvette Nicole Brown,2
Willow Smith,2
Rapulana Seiphemo,2
Rachel True,2
Peter Firth,2
Olly Alexander,2
Brian Steele,2
G.W. Bailey,2
Simon Yam,2
Alex Kendrick,2
Emma Bell,2
Ian Richardson,2
Ellen Sandweiss,2
Josie Ho,2
Tim Heidecker,2
John Mahoney,2
Rachel Dratch,2
Peter McNamara,2
Holmes Osborne,2
Rakie Ayola,2
Joanna Lumley,2
Matthew Modine,2
Mark L. Young,2
Fredro Starr,2
Della Reese,2
Randall Duk Kim,2
Izabella Miko,2
David Walton,2
Katt Williams,2
Kelly Lynch,2
Chris Zylka,2
Katharine Isabelle,2
Sharon Leal,2
Terry Kiser,2
Sarah Carter,2
Tanya Roberts,2
Billy Campbell,2
Izabella Scorupco,2
Brighton Sharbino,2
Jenna Fischer,2
Tom Atkins,2
Emily Osment,2
Kate Capshaw,2
Rick Hoffman,2
Michael Paré,2
Michael Gaston,2
Herbert Russell,2
Lawrence Gilliard Jr.,2
Chelan Simmons,2
Michael Nouri,2
Rita Moreno,2
Sonja Sohn,2
Dustin Milligan,2
Gina Lollobrigida,2
Steve Harris,2
Garcelle Beauvais,2
Louise Lasser,2
Harris Yulin,2
Larry King,2
Pauline McLynn,2
Kari Wuhrer,2
Cathryn de Prume,2
Kevin Nash,2
Paige Turco,2
Gunnar Hansen,2
Glenne Headly,2
Henry Ian Cusick,2
Jim Parsons,2
Greg Collins,2
Carmen Ejogo,2
Christine Lakin,2
Matthew Gray Gubler,2
Jeff Anderson,2
Allen Covert,2
Anthony Heald,2
Ty Olsson,2
David Suchet,2
Jenny McCarthy,2
Linda Blair,2
Topol,2
Bebe Neuwirth,2
Lindy Booth,2
Emily Ratajkowski,2
Jodi Lyn O'Keefe,2
Matthew Daddario,2
Keegan Connor Tracy,2
Christopher Cousins,2
Jessica Capshaw,2
Al Leong,2
Natasha Gregson Wagner,2
Kip Pardue,2
William Atherton,2
D. David Morin,2
Daniel Sharman,2
Dave Legeno,2
David Wayne,2
Bérénice Bejo,2
Qi Shu,2
Alan Van Sprang,2
Natasha Richardson,2
Warren Oates,2
Flea,2
Paul Scofield,2
Noémie Lenoir,2
Atticus Shaffer,2
Eric Lloyd,2
Priscilla Presley,2
Patrick Troughton,2
Takuya Kimura,2
Lesley Ann Warren,2
Richard Beymer,2
Riley Thomas Stewart,2
Katherine LaNasa,2
John Billingsley,2
Brendan Fehr,2
Chris Marquette,2
Kang-ho Song,2
John Enos III,2
Tom Guiry,2
Katharine McPhee,2
Susan Ward,2
Shaun Toub,2
Ashley Bell,2
Bobby Coleman,2
Kerr Smith,2
Allison Tolman,2
Randall 'Tex' Cobb,2
Marco St. John,2
Damián Alcázar,2
Wagner Moura,2
Chase Ellison,2
Christopher Nicholas Smith,2
Paz de la Huerta,2
Hal Landon Jr.,2
Dorothy Lamour,2
Paul Ben-Victor,2
Elliott Gould,2
Marc Donato,2
Christopher Atkins,2
Anne Meara,2
Michael McGlone,2
Ed Lauter,2
David Belle,2
Julie Christie,2
Jessica Lowndes,2
Matthew Settle,2
Nicole Ari Parker,2
Austin Nichols,2
Cherry Jones,2
Nicki Aycox,2
Charlie McDermott,2
Kathryn Erbe,2
George Sanders,2
Bill Erwin,2
Angela Featherstone,2
Dick Van Patten,2
John Neville,2
Sullivan Stapleton,2
Greg Nicotero,2
Aisha Tyler,2
Tom Cullen,2
Dick Clark,2
Kelly Carlson,2
Andy Dick,2
Javier Botet,2
Daniel Kaluuya,2
Todd Allen,2
Larry Bagby,2
Nicole Beharie,2
Lorraine Bracco,2
Luis Tosar,2
Lea Michele,2
Jack Plotnick,2
Anita Mui,2
Bill Johnson,2
Jeanne Moreau,2
Ed Skrein,2
Lee Remick,2
Jason London,2
Joseph Cross,2
Deborah Kerr,2
David Gulpilil,2
Shawn Yue,2
Zelda Rubinstein,2
Ricky Schroder,2
Laurel Holloman,2
Bella Heathcote,2
Jonny Weston,2
Everett McGill,2
Ana de la Reguera,2
Kay Panabaker,2
Ricardo Darín,2
Molly Ephraim,2
Angell Conwell,2
Khalid Abdalla,2
Caroline Dhavernas,2
Jimmy Jean-Louis,2
Hana Mae Lee,2
Michael Berryman,2
Kate del Castillo,2
Greta Gerwig,2
Andrew Keegan,2
Lucy,2
Louis Mandylor,2
Carla Gallo,2
Michael Papajohn,2
Dabney Coleman,2
Whitney Able,2
Doug E. Doug,2
Bo Huang,2
Jere Burns,2
Britney Spears,2
Jessica Tandy,2
Olympia Dukakis,2
Christopher Guest,2
Pedro Armendáriz Jr.,2
Ian McNeice,2
Johnny Lewis,2
Ron Howard,2
Tim Holmes,2
Zach Grenier,2
Kevin Tighe,2
Clifton James,2
Shelley Long,2
Bob Clendenin,2
Jim Meskimen,2
Michael Gross,2
Kimberly J. Brown,2
Kevin McCarthy,2
Tracey Walter,2
Rob McElhenney,2
Paul Anderson,2
Kate Walsh,2
Casey Siemaszko,2
Geoffrey Holder,2
Rekha,2
Bruce Altman,2
Tom Burke,2
Jenny Agutter,2
Ye Liu,2
Dreama Walker,2
Judith Anderson,2
Fran Drescher,2
Shelley Hennig,2
Michael Smiley,2
Sasha Roiz,2
Darren Shahlavi,2
Pamela Reed,2
Nick Damici,2
Elena Anaya,2
Bud Cort,2
Steve-O,2
Brian Johnson,2
Richard Bull,2
Matt Prokop,2
Jon Polito,2
Edie Falco,2
Peter Dante,2
Bruno Kirby,2
Callie Thorne,2
Jessica Paré,2
Kathleen Wilhoite,2
Antony Starr,2
Jason Momoa,2
Keenen Ivory Wayans,2
Phil LaMarr,2
Tristan Mack Wilds,2
Kim Darby,2
Eric Winter,2
Aaliyah,2
Robert Pine,2
Clemens Schick,2
Amrish Puri,2
Katharine Ross,2
David Huddleston,2
Bob Newhart,2
Amanda Schull,2
Nancy Allen,2
Gerry Bednob,2
Liam James,2
Paul Freeman,2
William Morgan Sheppard,2
Heather Morris,2
Kuno Becker,2
Nina Arianda,2
Julie Gonzalo,2
Jim Varney,2
Lara Flynn Boyle,2
Lori Petty,2
Alison Doody,2
John Doe,2
Paul Michael Glaser,2
Gina Holden,2
Stephen Baldwin,2
Dan Hicks,2
Carly Schroeder,2
Jess Harnell,2
Taron Egerton,2
Cheryl Hines,2
James Wilcox,2
Cyril Raffaelli,2
Holly Valance,2
Charlie Yeung,2
Jim Parrack,2
Michael Byrne,2
Zoey Deutch,2
Frances O'Connor,2
Jon Tenney,2
Ana Claudia Talancón,2
Masi Oka,2
Joshua Mikel,2
Shirley Knight,2
Peter Jason,2
Slim Pickens,2
Danny Masterson,2
Jan-Michael Vincent,2
Damien Garvey,2
Gary Stretch,2
Henry Rollins,2
Jason Marsden,2
Barry Watson,2
Deborah Mailman,2
Vernon Dobtcheff,2
Keith Allen,2
Reece Ritchie,2
Héctor Jiménez,2
Matt Servitto,2
Zheng Xu,2
Katherine Boecher,2
Betsy Russell,2
George Newbern,2
Ally Sheedy,2
Johnny Messner,2
Matt Gerald,2
Mike White,2
Matt Malloy,2
Charlie Tahan,2
Kevin J. O'Connor,2
Brian O'Halloran,2
Jimmy Smits,2
Sofia Black-D'Elia,2
Elton John,2
Vince Vieluf,2
Leonor Varela,2
Eric Schweig,2
Isaac Hempstead Wright,2
Lauren Cohan,2
Dennis Franz,2
Robert Maillet,2
Shaun Evans,2
Grant Heslov,2
Chris Gauthier,2
Akon,2
Bolo Yeung,2
Birgitte Hjort Sørensen,2
Raquel Welch,2
Christine Taylor,2
Sayed Badreya,2
Amber Stevens West,2
Krista Allen,2
Nick Stahl,2
Jason George,2
Steven Berkoff,2
Cesar Romero,2
Annie Parisse,2
Mike Colter,2
Howard Keel,2
William Mapother,2
Boyd Banks,2
Esther Williams,2
Burgess Meredith,2
Keenan Wynn,2
Tyra Banks,2
Portia de Rossi,2
Fred Armisen,2
Lloyd Bridges,2
Michael McElhatton,2
Ruth Sheen,2
Boyd Holbrook,2
Sarita Choudhury,2
Cheryl Ladd,2
Tyrone Giordano,2
Salli Richardson-Whitfield,2
Chris Kattan,2
Kim Shaw,2
Alan Dale,2
Annabeth Gish,2
Susanna Thompson,2
Khamani Griffin,2
Jackson Nicoll,2
Lee J. Cobb,2
Ellen Albertini Dow,2
David Niven,2
Patrick McGoohan,2
Pablo Rosso,2
John Gallagher Jr.,2
J.D. Evermore,2
Shaun Weiss,2
Mimi Rogers,2
Anthony Chau-Sang Wong,2
Camryn Manheim,2
Warren Christie,2
Michael Emerson,2
Essie Davis,2
Ki Hong Lee,2
Marsha Thomason,2
Amy Irving,2
Alfie Allen,2
Christine Cavanaugh,2
Vera Miles,2
Eddie Deezen,2
Oliver Hudson,2
Robert Mitchum,2
Neil Flynn,2
Clarke Peters,2
Michael Lonsdale,2
Piper Mackenzie Harris,2
Matt Long,2
Elodie Yung,2
Jodie Whittaker,2
Erin Bethea,2
Nick Zano,2
Michael Irby,2
Jacob Tremblay,2
Max Casella,2
Michael Parks,2
Misha Gabriel Hamilton,2
John Kapelos,2
André Dussollier,2
Jean Marsh,2
Nicholas Gonzalez,2
Amber Rose Revah,2
Brandon Molale,2
Abraham Benrubi,2
Josh Hopkins,2
Jeffrey Weissman,2
Tobias Menzies,2
Kate McKinnon,2
Henry Czerny,2
Maude Apatow,2
Erik Per Sullivan,2
Andrew Daly,2
Tyler Mane,2
Reeve Carney,2
Marg Helgenberger,2
Neil Brown Jr.,2
Robin Atkin Downes,2
Wendie Malick,2
Mary J. Blige,2
Ray Romano,2
Benjamin Walker,2
Mike Dopud,2
Larry Joe Campbell,2
Finn Wittrock,2
Raoul Bova,2
Nicholas Lea,2
Charlie Rowe,2
P.J. Soles,2
Constance Marie,2
David Fine,2
Roger Jackson,2
Eva Marie Saint,2
Isabelle Nanty,2
Jeremy Crutchley,2
Klaus Maria Brandauer,2
Oona Laurence,2
Patricia Belcher,2
Matt Jones,2
Ariel Gade,2
Ben Cross,2
Michael Weston,2
Greg Grunberg,2
Nona Gaye,2
Tom Bosley,2
T.V. Carpio,2
Bryan Brown,2
Jesse Borrego,2
Tom Noonan,2
Debra Winger,2
Rene Auberjonois,2
Jonathan Breck,2
Don Rickles,2
Lindsay Duncan,2
Nat Faxon,2
Zach Galligan,2
Ryan Corr,2
Roger Willie,2
Jerry Ferrara,2
Philip Winchester,2
Rachel Ticotin,2
Aldis Hodge,2
Kevin Rankin,2
Bill Fagerbakke,2
Robert Blake,2
Ed Speleers,2
Aimee Garcia,2
Sheryl Crow,2
Christian Camargo,2
Dyan Cannon,2
Dong-gun Jang,2
Joseph Sikora,2
Dolly Parton,2
Belén Rueda,2
Charlyne Yi,2
Penelope Ann Miller,2
Eric Stonestreet,2
David Rasche,2
Yeardley Smith,2
Lee Evans,2
Justin Chambers,2
Ben Miles,2
Jonathan Sadowski,2
Vanessa Ferlito,2
Bronagh Gallagher,2
Cameron Boyce,2
George Harris,2
William Zabka,2
Richard Farnsworth,2
Lynn Cohen,2
Jim Carter,2
Ruth Wilson,2
Craig Bierko,2
Matt Frewer,2
Maribel Verdú,2
Adriana Barraza,2
Bianca Kajlich,2
Ginger Rogers,2
Ava Gardner,2
Chen Chang,2
Emily Meade,2
Heather Langenkamp,2
Chandler Canterbury,2
Jenna Boyd,2
Amy Ryan,2
Shane Rangi,2
Jessica Simpson,2
Robert Vaughn,2
Emilia Clarke,2
Virginie Ledoyen,2
Josh Hamilton,2
Dee Bradley Baker,2
Brandy Norwood,2
Polly Walker,2
Daniella Alonso,2
Lois Chiles,2
Matt Price,2
Lambert Wilson,2
James Pickens Jr.,2
Stephen Boss,2
Raul Julia,2
Robin Shou,2
Rumer Willis,2
Tom Cavanagh,2
Charlie Korsmo,2
Mathieu Kassovitz,2
Claudette Colbert,2
Donna Reed,2
Russell Wong,2
Leven Rambin,2
Mathieu Amalric,2
Jean Arthur,2
Sally Kirkland,2
Veronica Cartwright,2
Aimee Teegarden,2
Liza Minnelli,2
Phil Hartman,2
Suraj Sharma,2
Drew Powell,2
John Larroquette,2
Nolan Gerard Funk,2
Harold Ramis,2
Naseeruddin Shah,2
Justin Kirk,2
Adam LeFevre,2
Mark Camacho,2
John Gatins,1
Lil' Wayne,1
Colette Divine,1
Adrian Holmes,1
Susan Hogan,1
David Heyman,1
Dree Hemingway,1
Ser'Darius Blain,1
Jane Bradbury,1
Harley Jane Kozak,1
Agnia Ditkovskite,1
Tyler Hilton,1
Tuppence Middleton,1
Paul Borghese,1
Sidney James,1
Emma Lung,1
Kellie Martin,1
Zoe Levin,1
Jennie Jacques,1
Vic Morrow,1
Hugh O'Brian,1
Lorraine Stanley,1
James Drury,1
Ilene Graff,1
Michel Muller,1
Jackie Burroughs,1
Anna-Louise Plowman,1
Jason Connery,1
Alexandra Breckenridge,1
Jennifer Grey,1
Phaldut Sharma,1
Hattie McDaniel,1
Emilia Fox,1
Jonathan D. Mellor,1
Manuela Velasco,1
Taylor Cole,1
Carl Gilliard,1
Val Kilmer,1
Toby Huss,1
Jaymes Butler,1
Wayne Pygram,1
Anneliese van der Pol,1
Casey Kasem,1
David Calder,1
Dickie Jones,1
Kelly Brook,1
Currie Graham,1
Susan Clark,1
Aki Aleong,1
Adrian Lester,1
Billy Brown,1
Joe Spinell,1
John Lone,1
Margaret Hamilton,1
Mhairi Calvey,1
Richard Jaeckel,1
Pamela Anderson,1
Sean Maher,1
Vanessa Angel,1
Craig Stark,1
Mike Howard,1
Andrea Corr,1
Kathy Griffin,1
Bernardo Saracino,1
Adriano Giannini,1
Richard Linklater,1
Billy Gilbert,1
Anatoliy Solonitsyn,1
Traylor Howard,1
Jeffrey Dover,1
Rachel Crow,1
Kamil McFadden,1
Shane Hartline,1
Todd Field,1
Barney Clark,1
Jason Beghe,1
Dian Bachar,1
Gregory Itzin,1
Jesse Moss,1
Nelson Ascencio,1
Tim DeKay,1
Annet Mahendru,1
Elina Alminas,1
Joel Courtney,1
Rudy Youngblood,1
Jeff Bennett,1
Kick Gurry,1
Melissa Roxburgh,1
Terence Bernie Hines,1
Ryan Kennedy,1
Patrick Lyster,1
Veronika Vernadskaya,1
Claudiu Trandafir,1
Ariane Schluter,1
Mel Ferrer,1
Wilson Cruz,1
Claudia Stedelin,1
Vladimir Kulich,1
Gilbert Gottfried,1
Thekla Reuten,1
David Della Rocco,1
Cheryl Tiegs,1
Julia Nickson,1
Douglas Haase,1
Torey Michael Adkins,1
Jacques Perrin,1
Anamaria Marinca,1
Buster Keaton,1
Zach Callison,1
Ophelia Lovibond,1
Victor Webster,1
Brian Herzlinger,1
Tom Virtue,1
William Xifaras,1
Sean Cook,1
Zan Marolt,1
Vincent Kartheiser,1
Tara Platt,1
Thomas Middleditch,1
Guang Li,1
Derek Brandon,1
Pierfrancesco Favino,1
Steve Reevis,1
Zachery Ty Bryan,1
Olivier Martinez,1
Cory Hardrict,1
Shahab Hosseini,1
Denis Lavant,1
Fernanda Montenegro,1
Jeremy Shada,1
Jacki Weaver,1
Ni Ni,1
Lucy Gordon,1
Clayne Crawford,1
Keir Dullea,1
Barack Obama,1
Justin Chon,1
Noah Huntley,1
Robert Miano,1
Beau Garrett,1
Megan Charpentier,1
Mandy Gonzalez,1
José Wilker,1
Mike O'Malley,1
Hiam Abbass,1
Barret Oliver,1
Valerie Perri,1
Bruce Vilanch,1
Adrien Dorval,1
Christian Alvarez,1
Antonio Arrué,1
Noah Ringer,1
James Burnett,1
Margarita Levieva,1
Colin O'Donoghue,1
Olivia Cooke,1
Deneen Tyler,1
Tim Gunn,1
Susie Essman,1
Mike 'The Miz' Mizanin,1
Tony Amendola,1
Daniel Bernhardt,1
Collin Chou,1
Aml Ameen,1
David Bailie,1
Bob Saget,1
Gastón Pauls,1
Elio Germano,1
Fedor Bondarchuk,1
Jenna Elfman,1
Tuesday Knight,1
Lisa Wilcox,1
Richard Wilson,1
Wei Tang,1
Sharon Small,1
Matt Ross,1
Takeshi Kaneshiro,1
Francesca Capaldi,1
Alex Huszar,1
Sean Lennon,1
Amy Schumer,1
Rumi Hiiragi,1
Brian Anthony Wilson,1
Nathan Jones,1
Pat Hingle,1
Andrea Frankle,1
Jean-Claude Dreyfus,1
Tod Fennell,1
Kelly Rutherford,1
Bjørn Sundquist,1
Kathleen Freeman,1
Billy West,1
Lillian Adams,1
Maria Doyle Kennedy,1
Alan Young,1
Brooklynn Proulx,1
Lucas Bryant,1
Soleyman Pierini,1
Enrique Villén,1
Billy Blair,1
Ashley Rickards,1
John Saxon,1
Rick Aviles,1
Molly C. Quinn,1
Robert Lopez,1
Tao Okamoto,1
Johnny Cannizzaro,1
Christian Clavier,1
Marcela Mar,1
Noah Bean,1
Bernie Casey,1
Jon Foster,1
Mekia Cox,1
Brianne Brozey,1
David Hoffman,1
Lila Kedrova,1
Lester Speight,1
Eduardo Noriega,1
Marcia DeBonis,1
Jacob Zachar,1
Jessica Lindsey,1
Alycia Debnam-Carey,1
Paul Adelstein,1
Lynn Hung,1
Riz Ahmed,1
Ron Palillo,1
Adam Alexi-Malle,1
Marc Anthony,1
Brenda Bakke,1
June Diane Raphael,1
Jesse Tyler Ferguson,1
Ryan Cartwright,1
Tiya Sircar,1
Lee Arenberg,1
Regi Davis,1
Aaron Kwok,1
Lars Mikkelsen,1
Jessica Barden,1
Frank Whaley,1
Laura-Leigh,1
Eve,1
Billy Gardell,1
Roger Ashton-Griffiths,1
Darren McGavin,1
Geoffrey Palmer,1
Daniel Henney,1
Scott A. Martin,1
Lela Rochon,1
Kaitlin Olson,1
Malcolm Goodwin,1
Tyrone Power,1
Bernard Fox,1
Paul McCartney,1
Domenick Lombardozzi,1
Emily Wickersham,1
Fred Rogers,1
Sunny Mabrey,1
Todd Stashwick,1
Nicholas Rowe,1
Lucille Ball,1
Taylor Blackwell,1
Rob Brown,1
Thure Lindhardt,1
Nicole Sullivan,1
Vicky Krieps,1
Iván Kamarás,1
Chris Miller,1
Maile Flanagan,1
Steve Schirripa,1
Giovanna Mezzogiorno,1
Fana Mokoena,1
Patti D'Arbanville,1
Anthony Simcoe,1
Natalie Imbruglia,1
Roseanne Barr,1
Tom Hughes,1
Justin Gordon,1
Alex Veadov,1
Veronica Ferres,1
Mehcad Brooks,1
Heike Makatsch,1
Peter Graves,1
Stephen Walters,1
Synnøve Macody Lund,1
Sabrina Revelle,1
Maïwenn,1
Jaleel White,1
Eric Jacobson,1
Glenn Ford,1
Del Zamora,1
David Gant,1
Craig Parker,1
YÃ»ki Amami,1
Don Pardo,1
Joan Fontaine,1
Drew Carey,1
Martin Scorsese,1
Louisa Milwood-Haigh,1
Regina Casé,1
Mick Lally,1
Simon Merrells,1
Patricia Richardson,1
Vincent Leclerc,1
Patrick Muldoon,1
Maggie Siff,1
Noureen DeWulf,1
Geraldine McEwan,1
Simón Andreu,1
Phill Lewis,1
Nikola Djuricko,1
Shelly Varod,1
Sean Huze,1
Catherine Tate,1
Dan O'Herlihy,1
Purva Bedi,1
Michael Dudikoff,1
Brian Lee Franklin,1
Chriss Anglin,1
Darcy Donavan,1
Mark Christopher Lawrence,1
Matheus Nachtergaele,1
Benoît Poelvoorde,1
Michael Roark,1
Sonoya Mizuno,1
Thomas Horn,1
Kate Upton,1
Elaine Cassidy,1
Venus Schultheis,1
Aria Noelle Curzon,1
Lola Dueñas,1
Daniel Giménez Cacho,1
Jerry Mathers,1
Levon Helm,1
Kyle Hebert,1
Ornella Muti,1
Sariann Monaco,1
Tamara Toumanova,1
Jean Stapleton,1
Leila Hatami,1
Fred Melamed,1
Jorge Salinas,1
Devon Murray,1
Zane Holtz,1
Morgan Fairchild,1
Ian Tracey,1
Debi Derryberry,1
Ken Bevel,1
Dann Florek,1
Seth Gabel,1
Jeffrey W. Jenkins,1
Blair Brown,1
Mahadeo Shivraj,1
Tim Conway,1
Judith Chapman,1
Arliss Howard,1
Paul Brooke,1
Gerry Becker,1
Wendy Raquel Robinson,1
Christian Stolte,1
Mason Lee,1
Anne Parillaud,1
Maria Grazia Cucinotta,1
Carol Channing,1
Jon Foo,1
Seychelle Gabriel,1
Dalia Hernández,1
Gina Montana,1
Teala Dunn,1
Elijah Kelley,1
Donna Murphy,1
Kiran Shah,1
Lenny Venito,1
Bruce Boxleitner,1
Alan Ford,1
Michael J. Morris,1
Penn Jillette,1
KaDee Strickland,1
Jacqueline MacInnes Wood,1
Ann Miller,1
Jay O. Sanders,1
Patrick Gallagher,1
Nick Krause,1
Audrey Fleurot,1
Todd Graff,1
June Squibb,1
Jamel Debbouze,1
Harriet Walter,1
Paul Sanchez,1
Seu Jorge,1
Phylicia Rashad,1
Jimmy Nail,1
Alan Hale,1
Annabella Sciorra,1
Catherine Deneuve,1
Lara Pulver,1
Gabriel Thomson,1
Emma Kenney,1
Paul Scheer,1
Elizabeth Blackmore,1
Robin Lord Taylor,1
Tammin Sursok,1
Manny Perez,1
Nataniel Sánchez,1
Roxanne McKee,1
Melina Kanakaredes,1
Tiago Riani,1
Paul McGillion,1
David Kross,1
Marcus Chong,1
Terry,1
Vlad Ivanov,1
Dick Powell,1
Kenneth Cranham,1
Fernando Rey,1
Dustin Fitzsimons,1
Matt McCoy,1
Pei-Pei Cheng,1
Basher Savage,1
Lee Ingleby,1
Chita Rivera,1
George Reeves,1
Hye-kyo Song,1
Jodi Benson,1
Chloe Bridges,1
Donald Watkins,1
Maggie Wheeler,1
Bianca Collins,1
Texas Battle,1
Tamannaah Bhatia,1
Kelly Jo Minter,1
Malonn Lévana,1
Francis Capra,1
Kim Thomson,1
Lou Adler,1
Robert J. Wilke,1
Gary Lockwood,1
Zackary Steven Graham,1
Josie Loren,1
Megan Burns,1
Richard Sammel,1
Dustin Nguyen,1
Dilshad Vadsaria,1
Bobby Batson,1
Eddie 'Piolin' Sotelo,1
Dirk Bogarde,1
Gian Maria VolontÃ¨,1
Zero Mostel,1
Ringo Starr,1
Susannah York,1
Robert Rusler,1
Rodney Eastman,1
Glenn Campbell,1
Patricia Tallman,1
Gustaf Skarsgård,1
John Boyega,1
Dennis L.A. White,1
Ben Daniels,1
Peng Lin,1
Zen McGrath,1
Kate Higgins,1
Rizwan Manji,1
Steve James,1
John Arcilla,1
Emmanuelle Riva,1
Teddy Sears,1
Ching Wan Lau,1
Sara-Marie Maltha,1
Christopher Webster,1
Courtney Bell,1
Jason Cottle,1
Steffinnie Phrommany,1
Madison Lintz,1
Johanna Wokalek,1
Sameer Ali Khan,1
David O'Hara,1
Dawn French,1
Colin Andrews,1
Ryan Robbins,1
Deborah Foreman,1
Joanna 'JoJo' Levesque,1
Sandra Staggs,1
Edwin Hodge,1
Frida Hallgren,1
Drea de Matteo,1
Lobo Sebastian,1
Don Ameche,1
Elizabeth MacRae,1
Carrie Henn,1
Roger Guenveur Smith,1
Michael Welch,1
Kyla Pratt,1
Basil Rathbone,1
Paul Williams,1
Owain Yeoman,1
Ben Crompton,1
Ariane Labed,1
Joanna Cassidy,1
Annabelle Wallis,1
Richard Roundtree,1
Gillian White,1
Chris Moss,1
Seamus Davey-Fitzpatrick,1
Rick Worthy,1
Callum Blue,1
Alex McArthur,1
Monique Gabriela Curnen,1
Drew Fuller,1
Irene Papas,1
Christopher Heyerdahl,1
Aleksa Palladino,1
Valerie Cruz,1
Nathin Butler,1
Michael Raymond-James,1
Luke Treadaway,1
Fernanda Andrade,1
Rijk de Gooyer,1
Aaron Staton,1
Anushka Shetty,1
Georgina Cates,1
Charlie Saxton,1
Chloe Rose,1
David Hemmings,1
Albert Delpy,1
Karen Pittman,1
Orson Bean,1
Gyton Grantley,1
Gregory Sierra,1
Peter Breck,1
Brandon Smith,1
Jason Tobin,1
Marilyn Norry,1
Cynthia Myers,1
Sebastian Koch,1
Donald Austin,1
Harrison Gilbertson,1
Linda Harrison,1
Frances Bavier,1
Parry Shen,1
Sean Young,1
Shawna Waldron,1
Violante Placido,1
Florence Henderson,1
Donald Gibb,1
Nicholas Farrell,1
Marshall Allman,1
Eve Plumb,1
Skye McCole Bartusiak,1
Erica Leerhsen,1
Ken Davitian,1
Kevin Michael Richardson,1
Lorelei Linklater,1
Lloyd Avery II,1
Magda Szubanski,1
Park Bench,1
Nancy Travis,1
Richard Howland,1
Darryl Cox,1
Perry King,1
Lindsay Price,1
Frank Gerrish,1
Tom Amandes,1
Tony Devon,1
Fiona Glascott,1
Ted Cassidy,1
Rodney Dangerfield,1
Veronika Dash,1
Natasha Bedingfield,1
Randy Jones,1
Adel Karam,1
Susan May Pratt,1
Melanie Papalia,1
Scott Baio,1
Gregory Scott Cummins,1
Stephen Amell,1
Iben Hjejle,1
Amir Farrokh Hashemian,1
Alex Vincent,1
Leslie Caron,1
Shawn Andrews,1
Yuanyuan Gao,1
Fares Fares,1
Meghan Heffern,1
Dean Jones,1
Pierre Prieur,1
Ken Takakura,1
Archie Kao,1
Ellar Coltrane,1
Alicia Goranson,1
John Cothran,1
Alexis Arquette,1
Cariba Heine,1
Charlotte Rae,1
Shanley Caswell,1
Diane Ladd,1
Olivia d'Abo,1
David Julian Hirsh,1
Gordon Jump,1
Cleavon Little,1
Cinda McCain,1
Ingrid Thulin,1
Wayne Brady,1
Victor Zinck Jr.,1
Bruno Ganz,1
Jack Lord,1
CindyMarie Small,1
Elvis Nolasco,1
Michael Spears,1
Emma Caulfield,1
John Amplas,1
Stuart Margolin,1
Marc Trottier,1
Lenore Zann,1
Bobby Moynihan,1
Kirk Baltz,1
Bingbing Fan,1
Kim Director,1
Hedy Lamarr,1
Luenell,1
Allison Miller,1
Adriana Caselotti,1
Donatas Banionis,1
Michael J. Pollard,1
Sofia Boutella,1
Colleen O'Shaughnessey,1
Klaus Kinski,1
Nichola Burley,1
Rick Fox,1
Alonna Shaw,1
Constance Shulman,1
Luke Benward,1
Vince McMahon,1
Beth Riesgraf,1
Bridgit Mendler,1
Gia Mantegna,1
Frank Rautenbach,1
Deems Taylor,1
Reda Kateb,1
Fann Wong,1
Bobbie Phillips,1
Edgar Arreola,1
Tommy Pallotta,1
Ralph Richardson,1
David Margulies,1
Lillian Gish,1
IrÃ¨ne Jacob,1
Laura Spencer,1
Joe Howard,1
Ella Wahlestedt,1
Hugh Mun,1
Fernanda Machado,1
Bill Lake,1
Cynthia Rhodes,1
Danny Pino,1
Mary Tyler Moore,1
James Martin Kelly,1
Allison Dean,1
Mei Melançon,1
James Brown,1
Beau Mirchoff,1
Jared Gilman,1
Chad Allen,1
Emily Alyn Lind,1
Jack Nance,1
Scott Takeda,1
Stevie Wonder,1
Pant Shirt Baba,1
Benjamin J. Cain Jr.,1
Cameron Mills,1
Ashraf Barhom,1
Carter Jenkins,1
Danny Nucci,1
Hector Kotsifakis,1
Peter Mark Richman,1
Melanie Kinnaman,1
Tom Everett,1
Joel Fuhrman,1
Kevin Gage,1
Erin O'Brien,1
Michael Landes,1
Warren Clarke,1
Eli Marienthal,1
Manoj Bajpayee,1
Michael Wong,1
Celeste Holm,1
Casey Affleck,1
Dequina Moore,1
Robert Kennedy Jr.,1
Clifton Powell,1
Junix Inocian,1
James Fleet,1
Lauren C. Mayhew,1
Adrienne King,1
Dana Kimmell,1
Santiago Segura,1
Josh Zuckerman,1
George Hamilton,1
Nina Hoss,1
Lou Saliba,1
Bob Neill,1
Piper Laurie,1
Jeremy W. Auman,1
Reid Ewing,1
Kelly Clarkson,1
Daniela Bianchi,1
Michael O'Keefe,1
Kenneth Nkosi,1
Matisyahu,1
Yasmine Al Massri,1
Humphrey Bogart,1
Burl Ives,1
Matt Cohen,1
Joe Cocker,1
Jennifer Freeman,1
Shane Pollard,1
Yorick van Wageningen,1
Arthur Agee,1
Dana Blackstone,1
Robin Givens,1
Gert Fröbe,1
Luke Perry,1
Sharon Lawrence,1
Ari Gold,1
Nia Peeples,1
Kathleen Kinmont,1
Tamara Glynn,1
G.J. Echternkamp,1
YÃ» Aoi,1
Robinne Lee,1
Marin Hinkle,1
Corinna Harney,1
Chris Cox,1
Connor Corum,1
Joe Flaherty,1
Miriam Shor,1
Ashley Laurence,1
Marian Marsh,1
Adrian Paul,1
Robb Wells,1
Omri Katz,1
Bern Cohen,1
Mark Rendall,1
John Robinson,1
Simon Abkarian,1
Jessie T. Usher,1
Teryl Rothery,1
Peter Ostrum,1
Ruby Harris,1
Evan Ross,1
Takashi Miike,1
Joe Cornish,1
Matthew McGrory,1
Bruce Hopkins,1
Walter Pidgeon,1
Alexandra Holden,1
Katherine Parkinson,1
Melvyn Douglas,1
John Simm,1
Paula Jai Parker,1
Waris Ahluwalia,1
Master P,1
Louis Herthum,1
Marie Avgeropoulos,1
Jeremy Jordan,1
David Agranov,1
Sean Kingston,1
Ashley Ashida Dixon,1
Milos Forman,1
La'Princess Jackson,1
Deborah Twiss,1
T.J. Storm,1
Anna Madeley,1
Mélissa Désormeaux-Poulin,1
Edmund McMillen,1
Bonnie Lee Bouman,1
Katherine Waterston,1
Hayley Kiyoko,1
Richard Lynch,1
Katy Helvenston-Wettengal,1
Christian Clemenson,1
Ward G. Smith,1
Necati Sasmaz,1
Sheryl Lee,1
Brenda Fricker,1
Zaide Silvia Gutiérrez,1
John Wood,1
Todd Boyce,1
Mel Blanc,1
Art Hindle,1
Josh Wingate,1
Tim Thomerson,1
Deborra-Lee Furness,1
Mike Nawrocki,1
Kieu Chinh,1
Jessica Bowman,1
Steven Christopher Parker,1
Benoît Magimel,1
Leo Fitzpatrick,1
Salvator Xuereb,1
Hoke Howell,1
Amber Benson,1
Jennifer Westfeldt,1
LisaGay Hamilton,1
Tulku Jamyang Kunga Tenzin,1
Chi Ling Chiu,1
Simon Rhee,1
Rosanna DeSoto,1
Bahare Seddiqi,1
Catherine Hicks,1
Kirk Fox,1
Pablo Rago,1
Mia Sara,1
Ariel Hsing,1
Reba McEntire,1
Rachael Carpani,1
David Oakes,1
Sasha Alexander,1
Paul Elia,1
Neville Brand,1
Robbie Kay,1
Rosie Traynor,1
Mike Doyle,1
Kazunari Ninomiya,1
Michael Bolten,1
Steve Railsback,1
Amiah Miller,1
Charlie Bewley,1
Aidan McArdle,1
Michael Beck,1
Paul Gross,1
David A.R. White,1
Arturo Castro,1
Lina Esco,1
Johnny Harris,1
William Sanderson,1
Debbie Harry,1
Lee Scott,1
Carole Bouquet,1
Elaine Bromka,1
Meg Foster,1
Aliou Touré,1
Gavin MacLeod,1
Jane Goodall,1
George Peppard,1
Katrina Law,1
Piero MaggiÃ²,1
Matt Bennett,1
Luke Kirby,1
Yuliya Snigir,1
D.B. Woodside,1
Bobby Lee,1
John August,1
Philippe Petit,1
Wilson Guerrero,1
Erin Boyes,1
Mikki Padilla,1
Glynis Johns,1
Will Estes,1
Valente Rodriguez,1
Bill Paterson,1
Richard Basehart,1
Stanley Blystone,1
Jill Hennessy,1
Khulan Chuluun,1
Randeep Hooda,1
Matt Berry,1
Emma de Caunes,1
Lucy Fry,1
Gordon Pinsent,1
Yolande Moreau,1
William McNamara,1
Redd Foxx,1
Liv Ullmann,1
Wesley Jonathan,1
Christie Burke,1
Andrew Simpson,1
Lynne Thigpen,1
Juliane Köhler,1
Kabir Bedi,1
Joe Bishop,1
Cheyenne Jackson,1
Roshan Seth,1
Norah Jones,1
Rex Harrison,1
Jimmy Shergill,1
Sofia Vassilieva,1
Natalie Press,1
Akima,1
Jean Peters,1
Duane Jones,1
Barnard Hughes,1
Marv Albert,1
Markéta Irglová,1
Zayn Malik,1
Tiffany Dupont,1
Lizzie Brocheré,1
Ryan Bollman,1
Vince Colosimo,1
Kristi Clainos,1
Saul Stein,1
Dean Dawson,1
Lance Gross,1
Lindsay Wagner,1
Dick Cheney,1
Claire Geare,1
Lily Rabe,1
JoAnna Garcia Swisher,1
Tina Desai,1
Laura Fraser,1
Eleanor Parker,1
Caroline Munro,1
William Baldwin,1
Bob Dylan,1
Larry Drake,1
Adhir Kalyan,1
Chuck Mitchell,1
A. Michael Baldwin,1
Mare Winningham,1
Clint Mansell,1
Leah Remini,1
Ji-tae Yu,1
Ron Moody,1
George Lazenby,1
Fergie,1
Sh? Kosugi,1
Elisabeth Harnois,1
George Wendt,1
Larry Hankin,1
Brendon Eggertsen,1
Ashley Palmer,1
Gloria Sandoval,1
Ocean James,1
Trenton Rostedt,1
Cem Yilmaz,1
Max Riemelt,1
Kristin Lehman,1
Ulrich Tukur,1
Lena Horne,1
Emily Podleski,1
Daniel Stewart Sherman,1
Randy Couture,1
Tal Bachman,1
Silvio Muccino,1
Kathryn Morris,1
Kent McCord,1
Eric Stuart,1
Bubba Smith,1
Georgina Reilly,1
Kirby Bliss Blanton,1
Richard Dysart,1
Kathleen Robertson,1
Johnny Amaro,1
Sheridan Smith,1
Don Gordon,1
Steven Anthony Lawrence,1
Rachel Hendrix,1
Yuri Lowenthal,1
Iko Uwais,1
Pam Ferris,1
Linnea Quigley,1
Jeff Fahey,1
Ludger Pistor,1
Cody Howard,1
Noah Lomax,1
Stephen Marcus,1
Jesse Garcia,1
Gabrielle Carteris,1
Hutch Dano,1
Andrew Lawrence,1
Walter Brennan,1
Brigitte Nielsen,1
Michael Aaron Milligan,1
Gilbert Roland,1
Jack Canfield,1
Richard Epcar,1
Jan Cornet,1
Joshua Ormond,1
Mario Cimarro,1
Joel Paul Reisig,1
Pat Boone,1
Claire Foy,1
Natalie Welch,1
Darryl Hunt,1
Michel Robin,1
George Coe,1
Tommy Sheppard,1
Christo Jivkov,1
David Denman,1
Tucker Albrizzi,1
Julia Taylor Ross,1
Jan Hooks,1
Victoria Leigh,1
Saul Williams,1
Balinese Tari Legong Dancers,1
Neeru Bajwa,1
Neil Diamond,1
Mark Moses,1
Taylor Handley,1
David Sparrow,1
Laura San Giacomo,1
Jason Cerbone,1
Martin Clunes,1
Karen Mok,1
Nawazuddin Siddiqui,1
Kim-Marie Woodhouse,1
William Katt,1
Tony Bonner,1
Zachary Knighton,1
Colleen Dewhurst,1
RyÃ»nosuke Kamiki,1
Ben Johnson,1
Robert Baker,1
Brenda Song,1
Donovan Scott,1
Joie Lee,1
Peter Riegert,1
Adam Rifkin,1
Jasper Johal,1
Peter Stickles,1
Kostja Ullmann,1
Amanda Kearsan,1
Shiri Appleby,1
Alex Désert,1
Tony Corvillo,1
Saurabh Shukla,1
Shawn Parsons,1
Margo Harshman,1
Chris Brochu,1
Meisa Kuroki,1
Evgeniy Mironov,1
Paul Blackthorne,1
Jay Laga'aia,1
Meghan Ory,1
Jack Reynor,1
Clayton Snyder,1
Manish Dayal,1
Thomas Bo Larsen,1
David Zucker,1
Mustafa Haidari,1
Rita Hayworth,1
Stéphane Rousseau,1
Howard Morris,1
Hugh M. Hefner,1
Eugenio Derbez,1
Jamey Sheridan,1
Michael Cerveris,1
Frances Lee McCain,1
Peter Cushing,1
Mari Koda,1
George T. Odom,1
Reef Ireland,1
Mary Goggin,1
Bin Won,1
Robert Neary,1
Keram Malicki-Sánchez,1
Lola Glaudini,1
Kendrick Cross,1
Herman Koto,1
Keeley Hawes,1
Kevin Clash,1
Paula Kelly,1
Rick Gomez,1
Lara Jill Miller,1
Ursula Andress,1
Sarah Murphy-Dyson,1
Zoe Ventoura,1
Mía Maestro,1
Ken Foree,1
Ian Hart,1
Betsy Baker,1
Jack McGee,1
Stephanie Vogt,1
Sean Buchanan,1
David Warbeck,1
Kelly Reno,1
Joshua Leonard,1
Aretha Franklin,1
Sophie Nélisse,1
Bradley Pierce,1
Sheila Hancock,1
Sessue Hayakawa,1
Bessie Love,1
Paprika Steen,1
Shirley Jones,1
MyAnna Buring,1
Gene Tierney,1
Michael Elphick,1
Carroll Baker,1
Rian Bishop,1
François Berléand,1
Omar Metwally,1
Doug Bradley,1
Aden Young,1
Mark Bazeley,1
Michael Harding,1
Jeff Seymour,1
Herbert Lom,1
Jesper Christensen,1
Shauna Macdonald,1
Vanity,1
Stephanie Danielson,1
Harold Gould,1
Cjon Saulsberry,1
Timothy Bottoms,1
Gael Le Cornec,1
Saïd Taghmaoui,1
Luigi Pistilli,1
Chris Thomas,1
Sabrina Ferilli,1
David Masterson,1
Irvin Kershner,1
Johnny Pacar,1
Teo Halm,1
Claire Gordon-Harper,1
Fanny Ardant,1
Anita Page,1
Shari Albert,1
Errol Flynn,1
Hervé Villechaize,1
Firass Dirani,1
Amy Yasbeck,1
Jerry Nelson,1
Mercedes Morán,1
Charlotte Le Bon,1
Alexandra Rapaport,1
Jackie Gleason,1
Jason Lewis,1
Phil Collins,1
Barry Dennen,1
Everett Sloane,1
Gabriel Damon,1
Eric Mendenhall,1
Caitlin Stasey,1
Stacy Edwards,1
Jelena Jovanova,1
Austin O'Brien,1
Adam Lamberg,1
Amy Carson,1
Gabriel Millman,1
Eoin Macken,1
Emir Kusturica,1
Michael Joiner,1
Toni Servillo,1
Lesley-Anne Down,1
Gloria Grahame,1
Noah Danby,1
Richard Johnson,1
Kara Hayward,1
Angela Cartwright,1
Akie Kotabe,1
Peter Finch,1
Garrett Clayton,1
Greg Speirs,1
Nathaniel Lees,1
Maia Morgenstern,1
Ian Mune,1
Cam Clarke,1
Monica Calhoun,1
Madison Davenport,1
Kenneth Williams,1
Adelaide Kane,1
Kerry Condon,1
Shelley Conn,1
Greer Garson,1
Anella Vastola,1
Krysta Rodriguez,1
Joseph Julian Soria,1
Sylvia Syms,1
Big Budah,1
Yayan Ruhian,1
Alan Taylor,1
Peter Vaughan,1
Roy Dupuis,1
Frederic Forrest,1
Jonathan Tucker,1
Maria Conchita Alonso,1
Soledad Villamil,1
Alicia Keys,1
Lincoln Hoppe,1
Nicky Katt,1
Burghart KlauÃŸner,1
Kate Dickie,1
Diana Ross,1
Eric Johnson,1
Thomas Law,1
John D'Leo,1
Ahmed Hassan,1
Elizabeth Meriwether,1
Edwin Neal,1
Lou Perryman,1
Richard Masur,1
Mark Torgl,1
Evelyn Jefferson,1
Charles Linton,1
André Wilms,1
John Beasley,1
Julianna Guill,1
Marie-Josée Croze,1
Vanna Bonta,1
Catriona MacColl,1
Jason Stuart,1
Heather Donahue,1
Jerry Brown,1
Brock Peters,1
Sean Michael Afable,1
Edward Everett Horton,1
Xinhua Jiang,1
Patch Darragh,1
Wray Crawford,1
Dr. Dre,1
Elyas M'Barek,1
Justin Edward Seale,1
Paul Fix,1
Diego Ramos,1
Renee Olstead,1
Vincent Walsh,1
Paul F. Tompkins,1
Robert Turano,1
Garba Touré,1
Bethany Joy Lenz,1
Sarah Clarke,1
Sammo Kam-Bo Hung,1
Earl Cameron,1
Jean-Baptiste Maunier,1
Byron Mann,1
Steve Irwin,1
Dov Tiefenbach,1
Ron Lester,1
David Murray,1
Leslie Carlson,1
Igor Jijikine,1
Dallas Roberts,1
Tamara Tunie,1
Jon Hunter,1
Sergej Trifunovic,1
Ry?ko Hirosue,1
Richard Anderson,1
Katy Jurado,1
Michael Dorman,1
Jordan Trovillion,1
Alexander Vlahos,1
Nambitha Mpumlwana,1
Janet McTeer,1
Ken Leung,1
Kad Merad,1
George Chakiris,1
Rawiri Paratene,1
Tessa Thompson,1
Gretchen Palmer,1
Zinedine Soualem,1
Maria Dizzia,1
Craig Fairbrass,1
Phyllis Diller,1
David Alan Basche,1
Lisa Brave,1
Joey Lawrence,1
Bergüzar Korel,1
Dave Foley,1
Roger Lloyd Pack,1
Leopold Stokowski,1
Joe Cross,1
Angelina Armani,1
Kari J. Kramer,1
Nicholas Hamilton,1
Chemeeka Walker,1
Danny Strong,1
Saif Ali Khan,1
Jennifer Hale,1
Jimi Hendrix,1
Marques Houston,1
Mishael Morgan,1
Aaron Hughes,1
Burt Kwouk,1
Patrick Wayne,1
Oleg Taktarov,1
Ice-T,1
Jin Akanishi,1
Tom Kane,1
Megalyn Echikunwoke,1
Irene Dunne,1
Rosie O'Donnell,1
Jack Albertson,1
Tygo Gernandt,1
Shelley Waggener,1
Tawny Kitaen,1
Scott Adsit,1
Catherine Dyer,1
Kevin Alejandro,1
Osama bin Laden,1
Bhole Baba,1
Sean Cameron Michael,1
John Bell,1
Jemima Rooper,1
Tovah Feldshuh,1
Paterson Joseph,1
Richard Cetrone,1
Ashley Walters,1
Michael DeLorenzo,1
Karin Konoval,1
Jonathon Trent,1
Lauren Gottlieb,1
Mike Birbiglia,1
Louis Koo,1
Tanya van Graan,1
Mo Gallini,1
Yetta Gottesman,1
Megan Franich,1
Roma Downey,1
Melissa Sagemiller,1
Sergey Garmash,1
Joan Rivers,1
Bunta Sugawara,1
Hulk Hogan,1
Connor Paolo,1
Cassie Ventura,1
Cynthia Nixon,1
Larry the Cable Guy,1
Aksel Hennie,1
James Babson,1
Carmen Perez,1
Christian Monzon,1
Todd Giebenhain,1
Homayoun Ershadi,1
Sam Jaeger,1
Gilbert R. Hill,1
Mick Foley,1
Marisol Nichols,1
Tichina Arnold,1
Joe Viterelli,1
Brian McNamara,1
Penny Balfour,1
Kelly Rowan,1
Vanessa Hessler,1
Steven Weber,1
John Astin,1
Mackenzie Davis,1
Marco Treviño,1
Anwar Congo,1
Nathalie Fay,1
Danielle Kotch,1
Anil Kapoor,1
David Conrad,1
Lisa Kay,1
Lumi Cavazos,1
Michael Beach,1
Chad Bishop,1
Richard Brancatisano,1
Penelope Cruz,1
Azura Skye,1
James With,1
Neil Maskell,1
John Glover,1
Alan D. Purwin,1
John Topor,1
Kathryn Joosten,1
Judie Aronson,1
Grace Phipps,1
Ahna O'Reilly,1
Peter Serafinowicz,1
Mae West,1
Michael Nardone,1
Raquel Nave,1
Angela Bettis,1
Sanoe Lake,1
Sarain Boylan,1
Karisma Kapoor,1
Dylan Authors,1
Alma Martinez,1
Santiago Cabrera,1
Jack Kao,1
Laila Haley,1
Francine Blake,1
Slash,1
Victoria Smurfit,1
Graham Beckel,1
Craig Dougherty,1
Melvil Poupaud,1
Mihalis Giannatos,1
Kevin G. Schmidt,1
Greg Mottola,1
Will Beinbrink,1
Valerie Tian,1
Teresa Wright,1
Greg Crowe,1
Betsy Palmer,1
Richard Brooker,1
Tiffany Helm,1
Zach McGowan,1
Sung-jun Yoo,1
Jiao Xu,1
Hudson Leick,1
Natalie Lisinska,1
Janine Turner,1
Melissa Sturm,1
Elisa Donovan,1
Jsu Garcia,1
Michael Potts,1
Griffin Kane,1
John Hodgman,1
Brent Anderson,1
T.C. Stallings,1
DMX,1
Doug Cockle,1
Jacqueline Lovell,1
Wendy Crewson,1
Molly Hagan,1
Aramis Knight,1
Michelle Forbes,1
Jonathan Morgan Heit,1
Nicole de Boer,1
Bernard Cribbins,1
Kasia Smutniak,1
Man Li,1
Amy Brenneman,1
Kelly Ripa,1
Kevin Brown,1
Matt O'Leary,1
Conrad Goode,1
Bruce Campbell,1
Corbin Allred,1
Collin Alfredo St. Dic,1
Bhavkhandan Singh Rakhra,1
Marisa Saks,1
Lilli Lavine,1
Katrina Bowden,1
Glenn Plummer,1
Ione Skye,1
Christopher Rich,1
Sam Lloyd,1
Carmine Giovinazzo,1
Maria Thayer,1
Terry O'Neill,1
Reece Thompson,1
Cristián de la Fuente,1
Cheri Oteri,1
David Backus,1
John Castle,1
Taika Waititi,1
Carlos Bardem,1
Tom Goodman-Hill,1
Jeff DeRocker,1
Shannen Fields,1
Lateef Crowder,1
Russi Taylor,1
Rie Rasmussen,1
Marri Savinar,1
The Dalai Lama,1
Sook-Yin Lee,1
Agnes Moorehead,1
James Kyson,1
Eric Sheffer Stevens,1
Oana Pellea,1
Ski Carr,1
Eric McCormack,1
Jessica Collins,1
Quincy Jones,1
Kirk Cameron,1
Clive Swift,1
Rebecca Dayan,1
David Herman,1
Leo Howard,1
Robin Sachs,1
Wade Williams,1
Michael Monks,1
Lauren Lee Smith,1
Niecy Nash,1
Francesca Rettondini,1
Tippi Hedren,1
Carrie Bradstreet,1
John Cassavetes,1
Numan Acar,1
Tate Taylor,1
Jay Leno,1
Steve Byers,1
Igal Naor,1
Oscar Gale,1
Stephen Merchant,1
Nancy Kyes,1
Jesse James,1
Richard Brake,1
Julie R. Ã˜lgaard,1
Charice,1
Sachiko Ishida,1
Ransford Doherty,1
Michael Mosley,1
Teyonah Parris,1
Jordan Prentice,1
Reuben Langdon,1
Hope Olaide Wilson,1
Jane Curtin,1
Wei Zhao,1
Melissa Bolona,1
Laura Morante,1
Rebecca Budig,1
Benjamin A. Onyango,1
Honor Blackman,1
Olivia Newton-John,1
Melinda Clarke,1
Bob Proctor,1
Ray Nicholas,1
Katherine Helmond,1
Jason Dixie,1
Joey D. Vieira,1
Ryan Kruger,1
Frank Dillane,1
Branko Djuric,1
Ralitsa Paskaleva,1
Linda Lovelace,1
John Ashton,1
Hugo Stiglitz,1
Scott Lawrence,1
Julia Duffy,1
Gemma Chan,1
Ralph Brown,1
Chelsea Handler,1
Dave Annable,1
Julian Kostov,1
Zak Orth,1
June Lockhart,1
Kelvin Han Yee,1
Isabelle Nélisse,1
James Morrison,1
Vincent Guastaferro,1
Billy Aaron Brown,1
Jake Lloyd,1
Togo Igawa,1
Ben Miller,1
Julia Jones,1
Lex Shrapnel,1
Bill Hunter,1
Carol Sutton,1
Emily Rios,1
Roy Billing,1
Steven Bauer,1
Victor Rasuk,1
Sierra McCormick,1
Anna Gunn,1
Mike Figueroa,1
Aida Folch,1
Chris Barrie,1
Si Won Choi,1
Blythe Auffarth,1
Dominique McElligott,1
Matt Bushell,1
Darlene Love,1
Luisa Ranieri,1
Travis Betz,1
Aleksey Serebryakov,1
J. Smith-Cameron,1
George Cole,1
Jamie Hector,1
David Proval,1
Sean Connery,1
Shawn Christian,1
Patricia Heaton,1
Nicole Scherzinger,1
Lorraine Toussaint,1
Kim Delaney,1
Tom E. Nicholson,1
Françoise Yip,1
David Raizor,1
Jill Clayburgh,1
David Lyons,1
Jeremy Owen,1
Simon Chandler,1
Cliff Edwards,1
Dylan Schombing,1
Aida Turturro,1
Stephen Colbert,1
Stephanie March,1
Hugh Bonneville,1
Riki Lindhome,1
Jon Gunn,1
Zena Grey,1
Eros Vlahos,1
Tracy Middendorf,1
Leticia Brédice,1
Andrea Di Stefano,1
Rain,1
Jaqueline Fleming,1
Ruby Jerins,1
Lillo Brancato,1
François Chau,1
James Tumminia,1
Rie Miyazawa,1
Luis Sanchez,1
Tony Noble,1
Sven-Ole Thorsen,1
Margaret Cho,1
Matt Stone,1
Nellie McKay,1
Eddie Rouse,1
John Light,1
Marilyn Manson,1
Patrick Bergin,1
Celina Beach,1
Matthew Glave,1
Dorothy Lyman,1
David Adam Flannery,1
Forrest Tucker,1
Miguel A. Núñez Jr.,1
Ellen Wong,1
Tony Ganios,1
Brahim Achabbakhe,1
Kevin Peter Hall,1
Jacob Hopkins,1
Richard Crenna,1
Olga Fonda,1
Garrick Hagon,1
Suzie Plakson,1
Tom Sizemore,1
Andrew Robinson,1
Jean Harlow,1
Gary Cooper,1
Robert Townsend,1
Shane Black,1
Talulah Riley,1
Q'orianka Kilcher,1
Lucille La Verne,1
Natalya Bondarchuk,1
Catherine Dent,1
Tim Rose,1
Lisa Pelikan,1
Jonathan Hyde,1
Tobey Maguire,1
Alissa Dean,1
Jeffrey Garcia,1
Michael Dorn,1
Nathaniel Parker,1
Shenae Grimes-Beech,1
Michael Hitchcock,1
Larry Fessenden,1
Georgina Chapman,1
Kate Luyben,1
Cassandra Scerbo,1
Louis Ferreira,1
Timothy West,1
Jean Caffeine,1
Ji-hyun Jun,1
Ally Walker,1
Odessa Rae,1
Shun Oguri,1
John Cameron Mitchell,1
Jasika Nicole,1
Demetri Martin,1
Brion James,1
Carolyn Hennesy,1
Kirsten Day,1
Ben Stein,1
Amidou,1
Omid Abtahi,1
Michael Jordan,1
Sarah Steele,1
Nicholas Elia,1
Zahn McClarnon,1
Delphine Chanéac,1
Alastair Duncan,1
Lydia Wilson,1
Noel Clarke,1
Landon Liboiron,1
Leon Isaac Kennedy,1
Angus Scrimm,1
Oksana Akinshina,1
Stephanie Lemelin,1
Anna Vareschi,1
Fred Williamson,1
Andrea Savage,1
Facundo Lombard,1
Josh Henderson,1
Sami Gayle,1
John Reardon,1
Peter Wingfield,1
Marion Ross,1
Vanessa Marshall,1
Ted Markland,1
Stephen Boyd,1
Nikki Griffin,1
Shantel VanSanten,1
Carel Struycken,1
Taylor Dooley,1
Filippo Timi,1
Peter Youngblood Hills,1
Willie Nelson,1
JoBeth Williams,1
Bob Marley,1
Nicky Naudé,1
Gary Weeks,1
Talia Shire,1
Déborah Révy,1
Matt Shively,1
Richard Cabral,1
Rachel Roberts,1
Rex Linn,1
Ljubomir Kerekes,1
Michael Wright,1
Marco Hofschneider,1
Jimmy Shubert,1
Mircea Monroe,1
Matthew Walker,1
Charles Irving Beale,1
Laura Brent,1
Christina Cox,1
Tyrone Keogh,1
Rekha Sharma,1
Dato Bakhtadze,1
Horatio Sanz,1
Henri Garcin,1
Gaia Weiss,1
Michael Horse,1
Adrian Alonso,1
Yvonne Zima,1
Hayley Lovitt,1
Shigeo Kobayashi,1
Donny Boaz,1
Ben Davies,1
Karen Alexander,1
Jamie Renée Smith,1
Paolo Montalban,1
Chad L. Coleman,1
Julene Renee,1
Jasmine Trinca,1
Sarah Parish,1
Jessalyn Gilsig,1
Jacob Latimore,1
Rab Affleck,1
David Eigenberg,1
Benno Fürmann,1
Derek Jeter,1
Carlease Burke,1
Tony Bennett,1
Tom Waits,1
Brendan Doogie Milewski,1
Carol Ann Susi,1
Claudette Lalí,1
Juan Carlos Montoya,1
Ebon Moss-Bachrach,1
Owen Teale,1
Christiana Leucas,1
Lotte Verbeek,1
Patricia Neal,1
Isaac Hayes,1
Flavio Parenti,1
Joe Estevez,1
Dameon Clarke,1
Sarah Butler,1
Jessy Schram,1
Claudia Christian,1
Beau Knapp,1
Marcia Wallace,1
Joy Bryant,1
Dalip Singh,1
Vanessa Lee Chester,1
Gigi Rice,1
David Lewis,1
Helmut Bakaitis,1
Ritchie Coster,1
Lauren London,1
Nels Lennarson,1
John Colicos,1
Johnny Nguyen,1
Eddie Jemison,1
William Ragsdale,1
Chi Muoi Lo,1
Velibor Topic,1
Rosa Salazar,1
Veronica Taylor,1
Claudia Cardinale,1
Joshua Ray Bell,1
William Schallert,1
Morgana O'Reilly,1
Richard Lawson,1
Philippe Noiret,1
David Opatoshu,1
Mac McDonald,1
Vanessa Matsui,1
Madison McKinley,1
Robert Capron,1
Emilio Estefan Jr.,1
Rodger Bumpass,1
Roger Bart,1
Rita Wilson,1
Simon Baker,1
Chelsea Bond,1
Shaun O'Hagan,1
Josh Stamberg,1
Michelle Nolden,1
Steve Bacic,1
David Walliams,1
Madison Rothschild,1
John Buffalo Mailer,1
Ruth Negga,1
Paula Marshall,1
Dillon Casey,1
Jade Kindar-Martin,1
Chris Ellis,1
Rila Fukushima,1
Bruce Thomas,1
Judith Hill,1
Guillermo Arriaga,1
Joe Ochman,1
Alessandra Mastronardi,1
Thomas Robinson,1
Ben Diskin,1
Lamman Rucker,1
Huell Howser,1
Eddie Peng,1
Dominic Monaghan,1
Daniel Cudmore,1
Leila Arcieri,1
Josh Robert Thompson,1
Freddie Jones,1
Kim Ly,1
Bono,1
Ben Schwartz,1
Oanh Nguyen,1
Mario Monicelli,1
Pip Torrens,1
Allen Payne,1
Ivan Sergei,1
Blanchard Ryan,1
Dominic Flores,1
Raymond Burr,1
Jonathan Brandis,1
Ivana Baquero,1
Samira Wiley,1
Judith O'Dea,1
Sterling Jerins,1
Al Roker,1
Stefan Kapicic,1
Rumi Missabu,1
Andy Davoli,1
Conleth Hill,1
Gina McKee,1
Max Records,1
Shawn Doyle,1
Christa B. Allen,1
Evan Jones,1
Scott Schwartz,1
Amanda Wyss,1
Paul McGann,1
Eddie Baroo,1
Sebastian Roché,1
James Lipton,1
Julia Sawalha,1
Rita Davies,1
Harry Treadaway,1
Glen Hansard,1
Harry Styles,1
James Callis,1
Karl E. Landler,1
Jacqueline McKenzie,1
Christopher James Baker,1
Mel Rodriguez,1
Isiah Whitlock Jr.,1
Raza Jaffrey,1
Sam Lerner,1
Eugenie Bondurant,1
Jill Flint,1
Mason Gamble,1
Sherri Shepherd,1
John Macmillan,1
Reginald Ballard,1
Drake,1
Kelly Keaton,1
Scott Vance,1
Chiaki Kuriyama,1
Philip Glenister,1
R. Marcos Taylor,1
Courtney Gains,1
Mike Bell,1
Alain Delon,1
Terry Funk,1
Valérie Lemercier,1
Dan Bilzerian,1
Tracie Thoms,1
Jared Burke,1
Unax Ugalde,1
Tony Kgoroge,1
Raphael Sbarge,1
Leon Rippy,1
Vanessa Aspillaga,1
Barbara Carrera,1
Seth Meyers,1
Eric Sykes,1
Bill Melendez,1
William Abadie,1
Eden Riegel,1
Tamar Novas,1
Luis Miranda,1
David Gallagher,1
Yuria Nara,1
Will.i.am,1
Paula Abdul,1
August Diehl,1
Kevin Williamson,1
Stian Smestad,1
Bobby Block,1
Jason Douglas,1
Jordan Lund,1
Daniel Rindress-Kay,1
Michelle Krusiec,1
María Aura,1
Peyman Moaadi,1
Peter Breitmayer,1
Albert Dupontel,1
Goya Toledo,1
Steve Bannos,1
Nick Robinson,1
Martina Gedeck,1
Peter Sallis,1
Jamie Blackley,1
Charles Martinet,1
Oaklee Pendergast,1
Patricia Velasquez,1
Aisha Hinds,1
Ahney Her,1
Alex Karpovsky,1
Leleti Khumalo,1
Kaitlyn Dever,1
Al Freeman Jr.,1
Tom Dreesen,1
Heather Burns,1
Keith Hudson,1
Evan McGuire,1
Rhea Perlman,1
Jason Behr,1
Michel Serrault,1
Mackenzie Aladjem,1
Josh Segarra,1
Vanessa Zima,1
Chad Lowe,1
Daniel London,1
Telly Savalas,1
Pelé,1
Lily Atkinson,1
Mckenna Grace,1
Mark Zupan,1
Jennifer Lafleur,1
Saeed Jaffrey,1
Jonathan Brewer,1
Dwight Henry,1
Fred Tatasciore,1
Othon Bastos,1
Jud Tylor,1
Marie Gillain,1
Corey Johnson,1
Stephen Henderson,1
Owen Burke,1
Adrian Pasdar,1
Howard Hesseman,1
Conrad Vernon,1
Stephanie Sigman,1
Danny Rhodes,1
Troy Garity,1
Zach Mills,1
Anthony Reynolds,1
Judith GodrÃ¨che,1
Rosalind Chao,1
Richard Thomas,1
Amir Talai,1
Merab Ninidze,1
Louis Jourdan,1
James Lafferty,1
Parker Sawyers,1
Keir O'Donnell,1
Michael Chernus,1
Karl Yune,1
Bob Peck,1
June Foray,1
Olivier Rabourdin,1
Debra Monk,1
Bruce Goodchild,1
Jami Gertz,1
Livvy Stubenrauch,1
John Gavin,1
Nellie Sciutto,1
Lou Romano,1
Niketa Calame,1
Peter Scolari,1
Amy Warren,1
David Threlfall,1
Bruce Green,1
Tabu,1
Dermot Crowley,1
Andrew Dice Clay,1
Nick Searcy,1
Alexandre Rodrigues,1
Graham McTavish,1
Peter Polycarpou,1
Walter Connolly,1
Joe Komara,1
Elvis Tsui,1
Susanne Lothar,1
James Lew,1
Steven Hill,1
Merry Clayton,1
Paul Lukas,1
Glenn Beck,1
Dinesh D'Souza,1
Sarah Wright,1
Cindy Williams,1
Gloria Foster,1
Peter Krause,1
Billie Burke,1
Cheryl Penland,1
Donald Sumpter,1
Rebecca Mader,1
Tony Lo Bianco,1
Marcella Lentz-Pope,1
James Robinson,1
Sihung Lung,1
Aldo Sambrell,1
Phil Silvers,1
George Harrison,1
Gabriel Iglesias,1
James Read,1
Jennifer Rubin,1
Sam Anderson,1
Gloria Stuart,1
Ed Stoppard,1
Andrea Ros,1
Carlos Lasarte,1
Sumalee Montano,1
Nick Gomez,1
Alexandra Silber,1
Howard Caine,1
Jaycee Chan,1
Peter McNicholl,1
Erin Cipolletti,1
Rorke Denver,1
Danielle Savre,1
Karolina Wydra,1
Maria Schrader,1
Brittney Powell,1
David Schneider,1
Tómas Lemarquis,1
Don Stark,1
Alexandru Potocean,1
George Brent,1
Ana Imnadze,1
John Ireland,1
Cynthia Barrett,1
Wolfgang Preiss,1
Gino Salvano,1
Gary McDonald,1
Edward Fox,1
Terrance Zdunich,1
William Shimell,1
Cindy Robinson,1
Ara Celi,1
Anil Kumar,1
Mackenzie Phillips,1
Brooke Bundy,1
Matthew Borlenghi,1
Alice Pol,1
Kim Hunter,1
Hailu Qin,1
David Harbour,1
Stellan Skarsgård,1
Lynda Boyd,1
Frankie Valli,1
Ryan Carnes,1
Betty Hutton,1
David Thewlis,1
Flint Beverage,1
Andrew Airlie,1
Clayton Rohner,1
Dichen Lachman,1
Purab Kohli,1
Sonia Braga,1
Barbara Billingsley,1
Scott Weinger,1
Robert Costanzo,1
Charles Aidman,1
Bolaji Badejo,1
Hugh Dillon,1
Kristoffer Polaha,1
Prabhas,1
Andrew Rannells,1
J.J. Cohen,1
Theresa Randle,1
Grasie Mercedes,1
Kristian Bruun,1
Milo O'Shea,1
Shirley Douglas,1
Hardy Krüger,1
Larry Poindexter,1
Ronnie Lazaro,1
Jean-Louis Trintignant,1
Gary Coleman,1
Ellie Kendrick,1
Burt Ward,1
Claude Akins,1
Erik Knudsen,1
Laurence Fox,1
Glenn Shadix,1
Athina Rachel Tsangari,1
Marie Pillet,1
Mary Catherine Garrison,1
Mary Page Keller,1
Juliet Stevenson,1
Steve Le Marquand,1
Victor Buono,1
Jelena Nik,1
Lorna Raver,1
Perdita Weeks,1
Nils-Anders Vallgårda,1
Najarra Townsend,1
Catherine Bell,1
Molly Parker,1
Michael Derek,1
Brenda Vaccaro,1
Eddie Cahill,1
Paulette Goddard,1
Jasper Cole,1
Elizabeth Berrington,1
Lubna Azabal,1
Vondie Curtis-Hall,1
Razaaq Adoti,1
Jillian Estell,1
Ken Siu,1
Courtney Love,1
Red Skelton,1
Jeannetta Arnette,1
Na'Blonka Durden,1
Edgar Buchanan,1
Rick Dial,1
Collin Kahey,1
Ali Hillis,1
Eva Bourne,1
Darryl Stephens,1
Harrison Page,1
Peter Kwong,1
Alex Winter,1
Jamie Draven,1
Jensen Ackles,1
Jeremy Brett,1
Shah Rukh Khan,1
Morgan Saylor,1
Erik Palladino,1
Riccardo Scamarcio,1
Kenneth Mars,1
Sam McMurray,1
Tim Pigott-Smith,1
John McMartin,1
Eric Lange,1
Amy Hargreaves,1
Nicholas Tse,1
Charles Mesure,1
Nina Hartley,1
Kurt Loder,1
Chester,1
Peter Spellos,1
Libby Villari,1
Tsianina Joelson,1
Martin Balsam,1
Ethan Stiefel,1
Noah Segan,1
Gaye Brown,1
Jessica Mauboy,1
Anupam Kher,1
Vince Corazza,1
Rick Macy,1
Samuel Roukin,1
Clare Kramer,1
Daniel Lapaine,1
Alexa Havins,1
Eva Birthistle,1
James Shigeta,1
Ella Joyce,1
Arcelia Ramírez,1
Liza Lapira,1
Natalie Mendoza,1
Ritchie Montgomery,1
Erick Elias,1
James McCaffrey,1
Madeleine Albright,1
Caitlyn Jenner,1
Sydelle Noel,1
Nadine Labaki,1
Julie Adams,1
Luis E. Carazo,1
Conrad Veidt,1
Vanesa Tomasino,1
Christian Campbell,1
Jack Carson,1
Bonnie Henna,1
Eva Marcille,1
Chelsey Reist,1
Eric Mabius,1
Mohammad Amir Naji,1
Catherine Lough Haggquist,1
Jordana Spiro,1
Dinah Manoff,1
Hugh O'Conor,1
Ashley Hinshaw,1
Chris Weitz,1
Dominik García-Lorido,1
Rob Campbell,1
Ryu Kohata,1
Timothy Van Patten,1
Kevin Rahm,1
Colin Stinton,1
Tiffany Lamb,1
Richard Libertini,1
Robert Prosky,1
George Newton,1
Corey Sevier,1
Tim Choate,1
Grace Jones,1
Jennifer Hall,1
John Randolph,1
Malik Yoba,1
Peter Berg,1
Calvin Lockhart,1
Debrianna Mansini,1
Zhonghua Chen,1
Erland Josephson,1
John Meillon,1
Vanessa Ray,1
Jill St. John,1
Tamara Taylor,1
Fran Kranz,1
Joe Dinicol,1
Reginald VelJohnson,1
Mona Marshall,1
Jason Mantzoukas,1
Dany Verissimo-Petit,1
Katie Aselton,1
Felicia Pearson,1
Michael Michele,1
Angus Sampson,1
Anna Paquin,1
Lauryn Hill,1
Joseph Pilato,1
Brent Neale,1
Patrick St. Esprit,1
Mary Mouser,1
Albert Salmi,1
Christopher Sommers,1
Russ Tamblyn,1
Patti LuPone,1
Jason Weaver,1
Jennifer Jones,1
Tomiwa Edun,1
Sandra Nelson,1
Marama Corlett,1
Parker Bagley,1
Shannon Tweed,1
Charles Keating,1
Bree Turner,1
Maika Monroe,1
Sendhil Ramamurthy,1
William Gates,1
Tina Turner,1
Hugh Keays-Byrne,1
Paul McGill,1
Damon Wayans,1
David Richmond-Peck,1
Ricky Martin,1
Shriman Umeshanad Brahmachari,1
Jeanne Neilson,1
Danny Aiello,1
Tony Danza,1
Kamel Krifa,1
Alice Playten,1
Jeri Ryan,1
Robert Noble,1
Jason Gray-Stanford,1
Johnathan Hurley,1
André Ramiro,1
Eric Cantona,1
Edward Andrews,1
Jack Guzman,1
Michaela Watkins,1
Charlotte Stewart,1
Sal Mineo,1
Jacob Pitts,1
Kassie Wesley DePaiva,1
Jonathan Blow,1
Saad Siddiqui,1
Martin Dew,1
Scott Helvenston,1
Misty Upham,1
Paul Mazursky,1
Ãngela Molina,1
Amy Badberg,1
Fiona Dourif,1
Rosalind Harris,1
Cabrina Collesides,1
Kenneth Colley,1
Jaya Bhaduri,1
Sam J. Jones,1
Victoria Learn,1
Lee Ving,1
John Sessions,1
Eve Ensler,1
Marla Gibbs,1
Paul Barber,1
Maria Canals-Barrera,1
Munro Chambers,1
Noam Jenkins,1
Alicia Ziegler,1
Tempestt Bledsoe,1
Bart Shatto,1
Amy Steel,1
Catherine Parks,1
William Butler,1
Scott Reeves,1
Dominick Brascia,1
Kimberly Beck,1
Jake Cherry,1
Sandra Vergara,1
Susan Tyrrell,1
Brian Dietzen,1
Liz Mullane,1
Don Francks,1
Clare Higgins,1
Ariana Neal,1
George W. Bush,1
Osric Chau,1
Jesuíta Barbosa,1
Robert Hobbs,1
John Garfield,1
Bruce Payne,1
James Patrick Stuart,1
Jordan Carlos,1
Phil Leeds,1
Kevin McHale,1
Jude Ciccolella,1
Scott Wolf,1
Annelyse Ahmad,1
Stanislav Ianevski,1
Gil Bellows,1
Erin Daniels,1
Denny Kirkwood,1
Jeff Lima,1
Tony Plana,1
Ellie Cornell,1
Richard Briers,1
Alan Hale Jr.,1
Frances Bay,1
Patrick Wilson,1
DeWayne Warren,1
Haruma Miura,1
Chenoa Maxwell,1
China Chow,1
Anthony Johnson,1
Annie Golden,1
Daniel Franzese,1
Mike Huckabee,1
Bill Irwin,1
Tyrone Benskin,1
Darren Boyd,1
Eric Godon,1
James Hall,1
Danny Webb,1
Matt Letscher,1
Lon Chaney Jr.,1
John Hillerman,1
Adam Copeland,1
Molly Dunsworth,1
Isiah Thomas,1
Serena Scott Thomas,1
Philip Friedman,1
Eddie Jones,1
Donna Zovko,1
Jake Weary,1
Shabana Azmi,1
Lexa Doig,1
Jeff Conaway,1
Joseph Mascolo,1
Nigel Whitmey,1
Cameron Rhodes,1
Barry Fitzgerald,1
Fenella Woolgar,1
Whit Bissell,1
Elise Neal,1
Alba Rohrwacher,1
Long Nguyen,1
Lexie Contursi,1
David Jason Perez,1
Matthew Ziff,1
Bill Farmer,1
Robyn Lively,1
Farrah Fawcett,1
Anthony Burrell,1
Dana Hanna,1
Sam Medina,1
Justin Pierce,1
Will Geer,1
Susan Gardner,1
Ahmad Massad,1
Phil Fish,1
Fadia Nadda,1
Damián Delgado,1
Martin Sharpe,1
Bess Armstrong,1
Cynthia Stevenson,1
Max Cullen,1
Shad Moss,1
Shelby Vischer,1
Aries Spears,1
Cat Ly,1
Dell Yount,1
David Moscow,1
Boys II Men,1
Ed Wynn,1
Yuki Matsuzaki,1
Cassandra Peterson,1
John Howard,1
Jacky Ido,1
Alix Freihage,1
Miriam Colon,1
Tiffany Bolling,1
Garrett M. Brown,1
Brian Stepanek,1
Sharat Saxena,1
Lysette Anthony,1
Bobby Brown,1
Tencho Gyalpo,1
Qiu Yuen,1
Wai-Keung Lau,1
Jennifer Tung,1
Kristen Johnston,1
Walter Masterson,1
Danielle von Zerneck,1
Kathy Baker,1
Kjell Nilsson,1
Angelo Rossitto,1
Joanne Samuel,1
Roger Cross,1
Jonathan Silverman,1
Pedro Miguel Arce,1
JJ Feild,1
Iddo Goldberg,1
Tara Fitzgerald,1
Shid? Nakamura,1
Christopher Schmidt,1
Finola Hughes,1
Vanessa Martinez,1
Jill Talley,1
Gilles Lellouche,1
Diana Maria Riva,1
James Tupper,1
Miranda July,1
Brendan Coyle,1
A.J. Langer,1
Henry Silva,1
Robert Beltran,1
Rick Rossovich,1
Catherine Lambert,1
Alex Sanborn,1
Debra Paget,1
Gil Birmingham,1
Timothée Chalamet,1
Raven Goodwin,1
Laura Breckenridge,1
Marko Zaror,1
Charlie Murphy,1
James Robertson Justice,1
Fred Malatesta,1
Sarah Wynter,1
Diana Scarwid,1
Honglei Sun,1
David A Cole,1
Dennis Burkley,1
Claudia Ferri,1
Jean-Louis Blondeau,1
Jean-Marc Barr,1
Yenny Paola Vega,1
Michael Bower,1
Timothy Webber,1
Dayna Devon,1
Elsa Lanchester,1
Sarah Solemani,1
Andy Cohn,1
Michael Stahl-David,1
Garry Cooper,1
Joey Fatone,1
Lainie Kazan,1
Adriane Lenox,1
Jorja Fox,1
Cynthia Watros,1
Brad Lee Wind,1
John McGiver,1
Paul Sparks,1
Gregory Alan Williams,1
Eion Bailey,1
Kenneth Mitchell,1
Lucy Boynton,1
Dean Andrews,1
Max Gail,1
Leslie Hope,1
Will Wright,1
S. William Hinzman,1
James Huang,1
Persis Khambatta,1
Donald Rumsfeld,1
Sahajak Boonthanakit,1
Marcus Lyle Brown,1
Ricky Catter,1
Terry Jones,1
Steve Pemberton,1
Natalie Coughlin,1
Jean Louisa Kelly,1
Karl Johnson,1
Garrett Ryan,1
Hye-jeong Kang,1
Jack Wild,1
Ahmet Ertegun,1
Enrique Iglesias,1
Jack Elam,1
Darren Healy,1
Niall Horan,1
Pierre Perrier,1
Cody Linley,1
Theodore Bikel,1
Griffin Dunne,1
Amanda Plummer,1
Timothy Patrick Quill,1
Christopher B. Duncan,1
Jeffrey Markle,1
Jung-jae Lee,1
Daren Kagasoff,1
Jim Byrnes,1
Dendrie Taylor,1
Sydney Penny,1
Meg Crosbie,1
Alisha Boe,1
Amber Armstrong,1
Bill Hickman,1
Wilbur 'Hi-Fi' White,1
Henry Simmons,1
Rebecca Gayheart,1
Polly Noonan,1
Matthias Habich,1
Joss Ackland,1
Dan Bakkedahl,1
Ben Platt,1
Lolita Davidovich,1
Maya Angelou,1
Carroll O'Connor,1
Lisa Ortiz,1
Mariah Carey,1
Amy Locane,1
Marc Macaulay,1
Simon Woods,1
Oliver Cooper,1
Collins Pennie,1
Yayaying Rhatha Phongam,1
Todd Susman,1
Peter Callan,1
Emily Nelson,1
Daniel Travis,1
Yassine Azzouz,1
Pauline Collins,1
Gary Schwartz,1
Amelia Warner,1
Alicia Sixtos,1
Robert Taylor,1
Judy Marte,1
Jason Spevack,1
Luke Ford,1
Kel O'Neill,1
Kelly Lin,1
Denise Crosby,1
James Le Gros,1
Joyful Drake,1
Peter Hermann,1
Stanley B. Herman,1
Sarah Douglas,1
Chiara Caselli,1
Eric Worre,1
María Botto,1
Nicol Williamson,1
Ana Gasteyer,1
Ricardo Chavira,1
Yassie Hawkes,1
Bob Eubanks,1
Charles Grodin,1
Haluk Bilginer,1
Christian Kapper,1
Robert Foxworth,1
Janet Hubert,1
Beth Broderick,1
Don McManus,1
Armin Rohde,1
Mimi Kirkland,1
Juan Fernández,1
Puti Sri Candra Dewi,1
Arben Bajraktaraj,1
Diljit Dosanjh,1
Kyle Gass,1
Scott Patterson,1
Caroline Goodall,1
Sherman Hemsley,1
Hannah Spearritt,1
Rob Huebel,1
Steve Burg,1
Giulia Michelini,1
Kevork Malikyan,1
Carlos Alazraqui,1
Steven Brill,1
Mark De Alessandro,1
Julian Fellowes,1
Clyde Kusatsu,1
James Chalke,1
Louise Beavers,1
Victor McLaglen,1
Ted Wass,1
Michelle Hurst,1
Tracy Camilla Johns,1
Nicholas Bell,1
Jason Kravits,1
Bethany Blakey,1
Cecelia Antoinette,1
Nancy Cartwright,1
Garvin Cross,1
Raphael Barker,1
Vernee Watson,1
Daisy Betts,1
Adam Trese,1
Jesse Vint,1
Brad Leland,1
Cyd Charisse,1
Jaden Klein,1
Bonz Malone,1
Marta Etura,1
John Lynch,1
Ayush Mahesh Khedekar,1
Jessica Walter,1
Monica Keena,1
Ann Talman,1
Laura Harris,1
George Voskovec,1
Erin Wasson,1
Darwin Shaw,1
Li Jun Li,1
Candace Kroslak,1
Chris Andrew Ciulla,1
Hiroyuki Ikeuchi,1
Aleksandr Bashirov,1
Tonya Lee Williams,1
Ian Bohen,1
Miyu Irino,1
Patrick Cronin,1
Brian d'Arcy James,1
Rachel Korine,1
Nicollette Sheridan,1
Swami Krishnanad,1
Anthony Daniels,1
Luis Rosado,1
Lusia Strus,1
Harmony Korine,1
Matty Rich,1
Sean Keenan,1
Rhys Coiro,1
Robert Stadlober,1
Amelia Giancarlo,1
Paul T. Taylor,1
Melvin Van Peebles,1
Blake Lindsley,1
Samm Levine,1
Vic Aviles,1
Robert Longstreet,1
Finlay Currie,1
Matt Hill,1
Shaun Sipos,1
Todd Louiso,1
Sammy Nagi Njuguna,1
Syamsul Arifin,1
Oliver Stark,1
Caroll Spinney,1
Eric Christmas,1
Colleen Haskell,1
June Carter Cash,1
Tim Williams,1
Satoshi Tsumabuki,1
Joseph Mawle,1
Ryan McDonald,1
Marina Hands,1
Tamsin Egerton,1
Liya Kebede,1
Al Cliver,1
Antonio Sabato Jr.,1
Charlie Talbert,1
Yvette Mimieux,1
Hoyt Axton,1
Michael C. Williams,1
Raoul Max Trujillo,1
Ray Charles,1
DeVaughn Nixon,1
Bruce Newbold,1
Cara Horgan,1
Adam Hicks,1
Mindy Sterling,1
Charles King,1
David Alan Grier,1
Maxine Bahns,1
Trine Dyrholm,1
Spring Byington,1
Gérard Jugnot,1
Diego Velazquez,1
Mike Muscat,1
Lee Tergesen,1
Hayley McFarland,1
Kim Chan,1
Toby Hemingway,1
Maurice Roëves,1
Jake Richardson,1
Gordon Currie,1
Matthew R. Anderson,1
Romi Aboulafia,1
Jarrod Bunch,1
Craig Conway,1
Ludivine Sagnier,1
Austin Lyon,1
Rob Morrow,1
James Bolam,1
JR Bourne,1
Harry Shearer,1
Gen Seto,1
Lesley Sharp,1
Griffin Cleveland,1
Jacob Young,1
Charlotte Lewis,1
Enzo Petito,1
Dal-su Oh,1
Michael Higgenbottom,1
Serena Grandi,1
Gordon Jackson,1
Pamela Salem,1
Cornel Wilde,1
Magda Apanowicz,1
Matthew Knight,1
Wale Ojo,1
Adam Carolla,1
Brad James,1
Eleanor Bron,1
María Alche,1
Juhi Chawla,1
Hana Shuan,1
Robert Urich,1
Jake Wood,1
Allen Leech,1
Angela Sarafyan,1
Fernando Cayo,1
Stephanie Berry,1
Olivia Colman,1
Angel Coulby,1
Tara Strohmeier,1
Ted de Corsia,1
Keshia Knight Pulliam,1
Patrick Fabian,1
Martha MacIsaac,1
Abby Mukiibi Nkaaga,1
Melissa Ordway,1
Ho-Sung Pak,1
Eddie Albert,1
Garrett Morris,1
Ã“scar Jaenada,1
Joseph Kaiser,1
Sam Reid,1
Benjamin Fletcher,1
David Lee Smith,1
Tom Burlinson,1
Daniel Wu,1
Jennifer Butler,1
Thelma Ritter,1
Samantha Eggar,1
O.J. Simpson,1
Charles Baker,1
Ray McKinnon,1
Gene Simmons,1
Beatrice Straight,1
Kali Rocha,1
Ayla Kell,1
Toni Braxton,1
Aida Elkashef,1
Owen Kline,1
Mickey Hart,1
Miriama Smith,1
Alan David,1
Hristo Shopov,1
Diana Vickers,1
GeneviÃ¨ve Lemon,1
Angelo Anthony Pizza,1
Chrystale Wilson,1
Natasha Calis,1
Clive Revill,1
André the Giant,1
Roberta Valderrama,1
Curt Doussett,1
Donny Alamsyah,1
Charles Martin Smith,1
Joe Marino,1
Beverly Randolph,1
Victor Mature,1
Julie LeBreton,1
Alan Bates,1
Sergio Calderón,1
Richard Dawson,1
Ronald Pickup,1
Guillermo Francella,1
Joe Turkel,1
Daryn Tufts,1
Louis Ozawa Changchien,1
Nicholas Hammond,1
Dayo Okeniyi,1
Barbara Bach,1
Finn Ireland,1
Kevin Breznahan,1
Kelli Barrett,1
Tom Conti,1
Ron Silver,1
Marilyn Burns,1
Jim Siedow,1
Ken Sansom,1
Pat Ryan,1
Michel Simon,1
Radivoje Bukvic,1
Matt Schulze,1
John Reeves,1
Béatrice Bonifassi,1
Jér?me Deschamps,1
Rachel Brosnahan,1
Michael Landers,1
James Whitmore,1
Zack Pearlman,1
Olivia DeJonge,1
Scott Handy,1
Dave Sheridan,1
DJ Pooh,1
Jennifer Ulrich,1
Dylan Kussman,1
Leonie Benesch,1
L.Q. Jones,1
Theresa Merritt,1
Jessica Raine,1
Jasper Levine,1
Craig Hall,1
Ajay Naidu,1
Billy Barty,1
Kaylee DeFer,1
Matthew Gumley,1
George 'Buck' Flower,1
Khaira Arby,1
Robin Weigert,1
Justine Waddell,1
Andy On,1
David Ramsey,1
Bob Ross,1
Hal Linden,1
Peter Agnefjall,1
Gloria Reuben,1
Jemima Kirke,1
William Windom,1
Eric Blore,1
Julie Dawn Cole,1
Martijn Lakemeier,1
Lauren Sweetser,1
Rose Marie,1
Bonnie Somerville,1
Franky G,1
Joan Baez,1
Stephanie Leonidas,1
Chase Armitage,1
Mel Eslyn,1
Stephen Au,1
Angel David,1
John Ralston,1
Samantha Ivers,1
Laraine Day,1
Michael Richards,1
Tammy Davis,1
Jeff Perry,1
Ken Arnold,1
Conrad Kemp,1
Matt Hunter,1
Shane Brolly,1
Perrey Reeves,1
Heather Sossaman,1
Susan Blommaert,1
Malone Thomas,1
Chris Lowell,1
Matt Keeslar,1
Ghassan Massoud,1
Ashley Gerasimovich,1
Gerard McSorley,1
Reiner Schwarz,1
Erik Estrada,1
Mark Walters,1
Tori Spelling,1
Scott Cohen,1
Tenzin Thuthob Tsarong,1
Shengyi Huang,1
Siu-Wong Fan,1
Steve Oedekerk,1
Elpidia Carrillo,1
Talia Zucker,1
Romain Duris,1
Jennifer Schwalbach Smith,1
Derek Graf,1
Gabriel Almirón,1
Christina Vidal,1
Michel Galabru,1
